"model_id","reference_date","wis_scaled_relative_skill","wis_scaled_relative_skill__log","wis","wis__log","ae_median_scaled_relative_skill","ae_median_scaled_relative_skill__log","ae_median","ae_median__log","interval_coverage_50","interval_coverage_95","n"
"CFA_Pyrenew-Pyrenew_E_COVID",2025-08-09,0.149949421868448,0.14973547200444,0.000285061697746423,0.000281700980968499,0.132686578515179,0.132443742215252,0.00036485695376681,0.000360540122157514,1,1,2
"CFA_Pyrenew-Pyrenew_E_COVID",2025-08-16,0.293910058995495,0.293528284320654,0.000702227567913222,0.000692801290779569,0.324984887458914,0.324497664531605,0.00125882874018143,0.00124177066560076,0,1,2
"CFA_Pyrenew-Pyrenew_E_COVID",2025-08-23,0.246880684771507,0.246052748166095,0.000480054076474955,0.0004718505639187,0.232415377666647,0.231751477625046,0.000790636242155904,0.000777354804820818,0.5,1,2
"CFA_Pyrenew-Pyrenew_E_COVID",2025-08-30,NA,NA,0.000658247726603594,0.000647311177460145,NA,NA,0.00121467768873747,0.00119480226275982,0.5,1,2
"CFA_Pyrenew-Pyrenew_E_COVID",2025-09-06,0.833607774824585,0.834129063532056,0.00100749469199738,0.000993390550990336,0.69798413752895,0.698343847916649,0.00129115842404924,0.00127322368416443,0.5,0.5,2
"CFA_Pyrenew-Pyrenew_E_COVID",2025-09-13,NA,NA,0.000265034200232448,0.000262082767057872,NA,NA,0.000242970786054952,0.000240027619477095,0.5,1,2
"CFA_Pyrenew-Pyrenew_E_COVID",2025-09-20,0.206689876816437,0.207046495776809,0.00038167262988746,0.000378394558810255,0.193466654894879,0.193863741172591,0.000604417998779257,0.000599437703457174,0.5,1,2
"CFA_Pyrenew-Pyrenew_E_COVID",2025-09-27,0.268377117548667,0.268860773517012,0.000462676381786468,0.000459695831677765,0.247759180498991,0.248225701076164,0.000748070091510599,0.000743360175567405,0,0.5,2
"CFA_Pyrenew-Pyrenew_E_COVID",2025-11-22,0.308526648534601,0.308288952795539,0.000153122521667094,0.000152512544303769,0.412549151244826,0.412388293116017,0.000253075496012428,0.00025209935504928,0.5,1,2
"CFA_Pyrenew-Pyrenew_E_COVID",2025-11-29,0.512692015924268,0.512475774227521,0.000287611694993544,0.000286495064109645,0.78478204179579,0.784518174573653,0.000543106278869762,0.000540977847508712,0,1,2
"CFA_Pyrenew-Pyrenew_E_COVID",2025-12-06,0.198372501706976,0.198114251790699,0.000118340597418002,0.000117737549867457,0.170244035848724,0.170071434981841,0.000145238965624608,0.00014451703915385,1,1,2
"CFA_Pyrenew-Pyrenew_E_COVID",2025-12-13,0.330569304548433,0.330245576839569,0.000256639085760593,0.000255155226794113,0.317694390955345,0.317387554325509,0.000415997452249799,0.000413490398683017,1,1,2
"CFA_Pyrenew-Pyrenew_E_COVID",2025-12-20,0.576838114061056,0.576264798947732,0.000991653045623418,0.00098442770717808,0.512772012291056,0.512316527195181,0.00149418854310674,0.00148338635071749,0,0.5,2
"CFA_Pyrenew-Pyrenew_E_COVID",2025-12-27,0.818574063313504,0.815835221150357,0.00139650686130992,0.00138123369898271,0.600337948774558,0.598299436228635,0.00173337968027794,0.00171412620112091,0.5,0.5,2
"CFA_Pyrenew-Pyrenew_E_COVID",2026-01-03,6.58053341769927,6.56302343431649,0.00397868312045756,0.00393428741898814,6.49210492043301,6.47303401038358,0.00504591218614312,0.00498760516915149,0,0,2
"CFA_Pyrenew-Pyrenew_E_COVID",2026-01-10,0.254105375815086,0.254509338529824,0.000225382542559069,0.000223798758056035,0.213274847150411,0.213592495192281,0.000299123681304422,0.000297079583459252,1,1,2
"CFA_Pyrenew-Pyrenew_E_COVID",2026-01-17,1.19569028869181,1.19751593466058,0.000726585302243991,0.000722043368028784,1.16152615889215,1.16292364999203,0.00125603863017103,0.00124822878147204,0,1,2
"CFA_Pyrenew-Pyrenew_E_COVID",2026-01-24,0.614325843060996,0.614467418136623,0.000302443878519135,0.000300447430549506,1.24053535568269,1.24070192612859,0.000381454617092225,0.000378931265163186,0.5,1,2
"CFA_Pyrenew-Pyrenew_E_COVID",2026-01-31,0.777733266825921,0.777400741491906,0.000348200910414892,0.000345768808388085,1.67694041626074,1.67671721917211,0.000451039691966254,0.000448086700234114,1,1,2
"CFA_Pyrenew-Pyrenew_E_COVID",2026-02-07,0.41367978619601,0.41369772094696,0.000181860767295317,0.000180723469183128,0.515279654963793,0.515299117607651,6.44516451219893e-05,6.40558089182288e-05,1,1,2
"CFA_Pyrenew-Pyrenew_E_COVID",2026-02-14,0.373765532370182,0.373585662065542,0.000185625302614604,0.000184431942206293,0.153160181313488,0.153110312619288,7.68438392886868e-05,7.63651355691524e-05,1,1,2
"CFA_Pyrenew-Pyrenew_E_COVID",2026-02-21,0.646543942697875,0.646489011003164,0.000321154981591311,0.000319214697020761,0.925204460100839,0.925174518758669,0.000541840454635187,0.000538696923764576,0.5,1,2
"CFA_Pyrenew-Pyrenew_E_COVID",2026-02-28,0.29676983905351,0.297055523292103,0.000166471675348813,0.000165665151732932,0.171852971615807,0.172002462962756,0.000114344449291475,0.000113806116495839,1,1,2
"CFA_Pyrenew-Pyrenew_E_COVID",2026-03-07,0.291126414780225,0.291354972506024,0.00015591070043317,0.000155244518268932,0.249806951093559,0.249870846107701,0.000164686430981111,0.000163948179801871,0.5,1,2
"CFA_Pyrenew-Pyrenew_E_COVID",2026-03-14,0.427537875294319,0.42777033655189,0.000253501134700375,0.00025249394765276,0.481445534764034,0.481585593947558,0.000452066061750782,0.0004503277224343,0,1,2
"CFA_Pyrenew-Pyrenew_E_COVID",2026-03-21,0.889122037747576,0.890152833500511,0.000436672509077997,0.000435447354608714,1.29795208595577,1.29909732090665,0.000708583130437109,0.000706616063600291,0,0.5,2
"CFA_Pyrenew-Pyrenew_E_COVID",2026-03-28,0.770369537598218,0.770412421508058,0.000315327627669598,0.000314271708269846,2.28000026153592,2.27982113431317,0.000550813348457256,0.000549048097625605,0,1,2
"CFA_Pyrenew-Pyrenew_E_COVID",2026-04-04,0.233145268684257,0.233303939201176,9.42088343126099e-05,9.39735463718593e-05,0.203505906476092,0.203522289321697,8.06312523078303e-05,8.04157388052428e-05,0.5,1,2
"CFA_Pyrenew-Pyrenew_E_COVID",2026-04-11,0.182247028620911,0.182394335437906,7.48884297316146e-05,7.47389264399072e-05,0.200383347720019,0.200438041605343,8.85183850550842e-05,8.83360955057465e-05,1,1,2
"CFA_Pyrenew-Pyrenew_E_COVID",2026-04-18,0.3504835466355,0.350666618142168,0.00014567923399167,0.000145399743405352,0.594353021581145,0.594427638691122,0.000261589834037843,0.000261108070560981,0,1,2
"CFA_Pyrenew-Pyrenew_E_COVID",2026-04-25,0.300246766744248,0.300481134507714,0.000117246955667361,0.00011708985588989,0.775062396418809,0.775290921249646,0.000218388622118071,0.000218094925163906,0,1,2
"CFA_Pyrenew-Pyrenew_E_COVID",2026-05-02,0.142640637121558,0.142721883938148,5.13716075877553e-05,5.13050811435745e-05,0.522704924054045,0.522772004522178,6.34231823830127e-05,6.33410495688002e-05,1,1,2
"CFA_Pyrenew-Pyrenew_E_COVID",2026-05-09,0.35679535233757,0.356988306672038,0.000125246360593215,0.000125100258935091,Inf,Inf,0.000227278692399842,0.000227012624697553,0,1,2
"CFA_Pyrenew-Pyrenew_E_COVID",2026-05-16,0.157996213540203,0.158043637561334,5.39884508059731e-05,5.39165117330609e-05,1.04407580136286,1.04403886147941,7.09158118686505e-05,7.08263815037461e-05,1,1,2
"CFA_Pyrenew-Pyrenew_E_COVID",2026-05-23,0.126630288460404,0.126685387725987,3.93485047365992e-05,3.93016902651378e-05,0.686744163573825,0.686754021360961,3.23367635630549e-05,3.23001199423827e-05,1,1,2
"CFA_Pyrenew-Pyrenew_E_COVID",2026-05-30,0.263043753510778,0.263201493516072,8.25950154772214e-05,8.25165077039867e-05,3.54188333859054,3.54215485729097,0.00015537056153488,0.000155220868877406,0,1,2
"CFA_Pyrenew-Pyrenew_E_COVID",2026-06-06,0.437111874769376,0.437380210810727,0.000131092368213537,0.000130976418875196,1.96279450807817,1.96312891907072,0.000207992939200079,0.000207810658078477,0,1,2
"CFA_Pyrenew-Pyrenew_E_COVID",2026-06-13,0.198786982929361,0.198879794539313,5.53304621346922e-05,5.52785615664964e-05,0.988162745768341,0.98817382532313,0.000104352442126286,0.000104253807694285,0,1,2
"CFA_Pyrenew-Pyrenew_E_COVID",2026-06-20,0.498067775228098,0.498282755897903,0.000150989864731827,0.000150847202631265,1.28090629636017,1.28095062772186,0.000229984671493838,0.000229769397134288,0,0.5,2
"CFA_Pyrenew-Pyrenew_E_COVID",2026-06-27,0.151692540178827,0.151714344481621,4.79394203585703e-05,4.7881392071237e-05,0.24160204774982,0.241566833886653,7.6392835519482e-05,7.63013703620515e-05,1,1,2
"CFA_Pyrenew-Pyrenew_E_COVID",2026-07-04,0.279322494881128,0.279279401549143,8.40761838625199e-05,8.39438274276361e-05,0.587003206033957,0.586791844383079,0.000137830548078495,0.000137621546738223,0.5,1,2
"CFA_Pyrenew-Pyrenew_E_COVID",2026-07-11,0.139501125010234,0.139481798986216,4.27275634487455e-05,4.26591553468932e-05,0.134551644776767,0.134517034356987,4.44286200455453e-05,4.43567868340288e-05,1,1,2
"CFA_Pyrenew-Pyrenew_E_COVID",2026-07-18,0.14259463754137,0.142546544113697,5.61046405829327e-05,5.59902640425219e-05,0.140071278764399,0.140021627694408,7.84728492282594e-05,7.8310566921654e-05,1,1,2
"CFA_Pyrenew-Pyrenew_E_COVID",2026-07-25,0.246104004729267,0.245939483482999,0.000107051238790213,0.000106765186136797,0.279051181230676,0.278887010250258,0.000181383267799939,0.000180907097039611,0.5,1,2
"CFA_Pyrenew-Pyrenew_E_COVID",2026-08-01,0.156721424215667,0.156669187498772,5.04131597153258e-05,5.02837789645641e-05,0.208692490609648,0.208642166854998,8.34769962438594e-05,8.32653575273345e-05,1,1,2
"CFA_Pyrenew-Pyrenew_HE_COVID",2025-08-09,0.145767502709273,0.145486394109947,0.000277111650587198,0.000273707087503798,0.0274222591871412,0.0273727341185023,7.54047776676953e-05,7.45144220315871e-05,1,1,2
"CFA_Pyrenew-Pyrenew_HE_COVID",2025-08-16,0.231387260907539,0.231061425311473,0.000552844343022958,0.000545363640426154,0.251344666495403,0.250949833264279,0.000973583394445476,0.000960321677306347,0.5,1,2
"CFA_Pyrenew-Pyrenew_HE_COVID",2025-08-23,0.332938436999735,0.331720222534493,0.000647391488098176,0.000636133411362991,0.310434551977871,0.309406474752634,0.00105604375267789,0.00103782988680991,0.5,1,2
"CFA_Pyrenew-Pyrenew_HE_COVID",2025-08-30,NA,NA,0.000632678027696307,0.000622189351341233,NA,NA,0.00115654436680159,0.00113769600079704,0.5,1,2
"CFA_Pyrenew-Pyrenew_HE_COVID",2025-09-06,0.823445169013079,0.823982432874807,0.000995212211289826,0.000981306609236025,0.692491427931164,0.692850030946605,0.001280997794478,0.00126320733204277,0.5,0.5,2
"CFA_Pyrenew-Pyrenew_HE_COVID",2025-09-13,NA,NA,0.000268236047812719,0.000265253183240673,NA,NA,0.000308061934971633,0.000304433071497399,0.5,1,2
"CFA_Pyrenew-Pyrenew_HE_COVID",2025-09-20,0.199238624735309,0.199583167302252,0.00036791318011874,0.000364754710066183,0.199368911636766,0.199767722577799,0.000622857508213848,0.000617693149438899,0.5,1,2
"CFA_Pyrenew-Pyrenew_HE_COVID",2025-09-27,0.252519711182675,0.252960574721475,0.000435338554072433,0.000432509808913856,0.229764528652855,0.230187555056493,0.000693738054949412,0.000689341436436201,0,0.5,2
"CFA_Pyrenew-Pyrenew_HE_COVID",2025-11-22,0.292317903515831,0.292090113556197,0.000145078082322482,0.000144498873477237,0.333510922653054,0.333397186327545,0.000204590027445954,0.00020381086721289,0.5,1,2
"CFA_Pyrenew-Pyrenew_HE_COVID",2025-11-29,0.506464031384708,0.506248511439293,0.000284117899236676,0.000283013767741187,0.771594070064164,0.771330517881446,0.000533979578879771,0.000531884074588905,0,1,2
"CFA_Pyrenew-Pyrenew_HE_COVID",2025-12-06,0.185047860084863,0.184814184565169,0.000110391682944609,0.000109833437396736,0.1460975364663,0.145953941023955,0.000124639051059173,0.000124023363546439,1,1,2
"CFA_Pyrenew-Pyrenew_HE_COVID",2025-12-13,0.662832838424945,0.662322147828072,0.000514593494691984,0.000511725121217695,0.663001464211183,0.662644669117881,0.000868151682251469,0.000863289075720091,0.5,1,2
"CFA_Pyrenew-Pyrenew_HE_COVID",2025-12-20,0.715893237918119,0.715240512792166,0.00123070527487296,0.00122183860505547,0.578109288560625,0.577665538895829,0.00168457765815145,0.00167260107802744,0,0,2
"CFA_Pyrenew-Pyrenew_HE_COVID",2025-12-27,1.06998480280364,1.06590284838689,0.00182541957482026,0.00180460575354629,0.798261573283317,0.795140732411964,0.00230485244769294,0.00227807596075516,0.5,0.5,2
"CFA_Pyrenew-Pyrenew_HE_COVID",2026-01-03,4.68984634570562,4.68002499217903,0.002835547106715,0.00280550018319379,5.07004894375731,5.05881110578624,0.00394063590517892,0.00389791748050545,0,0,2
"CFA_Pyrenew-Pyrenew_HE_COVID",2026-01-10,0.401119545288613,0.401340951841724,0.000355778946814072,0.000352912812936644,0.3828317220636,0.383048576808795,0.000536931736460302,0.000532771114175028,1,1,2
"CFA_Pyrenew-Pyrenew_HE_COVID",2026-01-17,1.36239163864839,1.36458845558356,0.000827884737296858,0.000822779902901267,1.29915598075644,1.30082650422959,0.00140486728254506,0.00139624736524378,0,1,2
"CFA_Pyrenew-Pyrenew_HE_COVID",2026-01-24,0.687282604458224,0.687327427480169,0.000338361830092242,0.000336072757378819,0.972836709125381,0.97291250079256,0.000299139442235779,0.000297143864335546,0.5,1,2
"CFA_Pyrenew-Pyrenew_HE_COVID",2026-01-31,0.665876891894708,0.665744402656143,0.0002981214124069,0.000296106803751806,0.806084791296307,0.80611691339994,0.000216809275058009,0.000215427064026121,1,1,2
"CFA_Pyrenew-Pyrenew_HE_COVID",2026-02-07,0.406511391923477,0.40653544362212,0.000178709417564972,0.000177594634916326,0.566100720981593,0.566125722463884,7.08083900082795e-05,7.03739631268919e-05,1,1,2
"CFA_Pyrenew-Pyrenew_HE_COVID",2026-02-14,0.483772126723063,0.483480292606736,0.000240258503372482,0.000238684774171776,0.27862113586203,0.278512534189125,0.000139790365896673,0.000138910613316725,1,1,2
"CFA_Pyrenew-Pyrenew_HE_COVID",2026-02-21,0.809818019680963,0.809579076653215,0.000402257409013394,0.000399743128297255,1.09523656798469,1.0951076200454,0.000641418740961567,0.000637643054524596,0.5,1,2
"CFA_Pyrenew-Pyrenew_HE_COVID",2026-02-28,0.417146217890691,0.417641539097475,0.000233996251031302,0.000232914871192358,0.578492753854906,0.579026509486259,0.000384907137401888,0.00038311520229243,1,1,2
"CFA_Pyrenew-Pyrenew_HE_COVID",2026-03-07,0.371516888586448,0.37179707244991,0.000198963252324569,0.000198106992682584,0.310943666151175,0.311018731396017,0.000204991103692068,0.000204069244935784,0.5,1,2
"CFA_Pyrenew-Pyrenew_HE_COVID",2026-03-14,0.449794154773991,0.4499990653539,0.000266697607874644,0.000265614585076485,0.481087616017856,0.481232081041901,0.000451729984445399,0.000449997154693785,0.5,1,2
"CFA_Pyrenew-Pyrenew_HE_COVID",2026-03-21,0.754891788114042,0.755733602414049,0.000370748308109893,0.00036969179401025,1.16291901912527,1.16388099392786,0.000634865345133177,0.000633068049016159,0,1,2
"CFA_Pyrenew-Pyrenew_HE_COVID",2026-03-28,0.452175024610283,0.45227436622846,0.000185084262607702,0.00018449473777052,1.3826997335004,1.38277249767318,0.000334039202963623,0.000333012356921231,0,1,2
"CFA_Pyrenew-Pyrenew_HE_COVID",2026-04-04,0.234568180341211,0.234716922275913,9.47838013676478e-05,9.4542688200116e-05,0.277992571299462,0.278046823303631,0.000110143678600222,0.000109861877010778,1,1,2
"CFA_Pyrenew-Pyrenew_HE_COVID",2026-04-11,0.165914331436696,0.166042996024806,6.81770443407887e-05,6.8038709842415e-05,0.108276664710851,0.108294186344357,4.78306985505953e-05,4.77268961072169e-05,1,1,2
"CFA_Pyrenew-Pyrenew_HE_COVID",2026-04-18,0.362200835883339,0.362388890673604,0.000150549550268911,0.000150260244319949,0.623278435627984,0.623353159567659,0.00027432064213546,0.000273813884447216,0,1,2
"CFA_Pyrenew-Pyrenew_HE_COVID",2026-04-25,0.239652574220623,0.239835025859669,9.35848037595984e-05,9.34576097806095e-05,0.616581818031234,0.616743375562084,0.000173733694583907,0.000173494357604164,0,1,2
"CFA_Pyrenew-Pyrenew_HE_COVID",2026-05-02,0.14464092725372,0.144725492872913,5.20920062189218e-05,5.20253303172939e-05,0.583012694037015,0.583091856043255,7.07407156962194e-05,7.06496327984461e-05,1,1,2
"CFA_Pyrenew-Pyrenew_HE_COVID",2026-05-09,0.346331235164155,0.346518463056821,0.000121573127227913,0.00012143128680689,Inf,Inf,0.000223323773690658,0.000223062202897674,0,1,2
"CFA_Pyrenew-Pyrenew_HE_COVID",2026-05-16,0.129909470552988,0.129955031765724,4.43910072464828e-05,4.43340972346815e-05,0.688991596771017,0.688976487885249,4.6797750117296e-05,4.67393632349327e-05,1,1,2
"CFA_Pyrenew-Pyrenew_HE_COVID",2026-05-23,0.11733543225564,0.117386892919155,3.64602645071416e-05,3.64170121709245e-05,0.842220048702503,0.842226915418181,3.96576658784079e-05,3.96124806561732e-05,1,1,2
"CFA_Pyrenew-Pyrenew_HE_COVID",2026-05-30,0.246434631524902,0.246581727135853,7.73797968332619e-05,7.73060316453921e-05,3.31395808962311,3.31419285543741,0.000145372244104657,0.000145231339502114,0,1,2
"CFA_Pyrenew-Pyrenew_HE_COVID",2026-06-06,0.374701070992556,0.374926309386475,0.000112375008788035,0.000112274181894308,1.71639234251174,1.71665617095653,0.000181882253425027,0.000181719827524024,0,1,2
"CFA_Pyrenew-Pyrenew_HE_COVID",2026-06-13,0.260315028734083,0.260439284596271,7.2456207283858e-05,7.23889978931139e-05,1.23299460383106,1.23302752194195,0.000130207294890742,0.000130086236712718,0,1,2
"CFA_Pyrenew-Pyrenew_HE_COVID",2026-06-20,0.507542723916275,0.507758843374029,0.00015386220719589,0.00015371593784384,1.26513585378929,1.26517736240529,0.00022715311381918,0.000226940081480591,0,0,2
"CFA_Pyrenew-Pyrenew_HE_COVID",2026-06-27,0.243656519574523,0.243706547332558,7.70028130666088e-05,7.69143404536233e-05,0.467204622783891,0.467156566493929,0.000147726752462088,0.000147556208870307,0,1,2
"CFA_Pyrenew-Pyrenew_HE_COVID",2026-07-04,0.236261383111415,0.23623296553528,7.1114771814358e-05,7.10052341190039e-05,0.477886687647738,0.477718975722719,0.000112209581482412,0.000112040453483603,0.5,1,2
"CFA_Pyrenew-Pyrenew_HE_COVID",2026-07-11,0.128670498282039,0.128654353197023,3.94102691209424e-05,3.93476860706981e-05,0.141653676632434,0.141615585419982,4.6773693384413e-05,4.669752321613e-05,1,1,2
"CFA_Pyrenew-Pyrenew_HE_COVID",2026-07-18,0.155864638928388,0.155816034767119,6.1325795257404e-05,6.12023320727524e-05,0.175374274063671,0.175308815469332,9.82508269254964e-05,9.80458015795179e-05,1,1,2
"CFA_Pyrenew-Pyrenew_HE_COVID",2026-07-25,0.209617282306196,0.209483094144847,9.11801080498533e-05,9.09390441182773e-05,0.2374107131358,0.237271102913548,0.00015431696353827,0.00015391188854927,0.5,1,2
"CFA_Pyrenew-Pyrenew_HE_COVID",2026-08-01,0.157693400625306,0.157641439183418,5.07258189591011e-05,5.05958281274479e-05,0.182142444151404,0.182099487103744,7.28569776605615e-05,7.26726487161873e-05,1,1,2
"CMU-TimeSeries",2025-08-09,2.00541499223193,1.97829571877372,0.00525393660300646,0.00512464736166505,0.645836528674829,0.64527190607621,0.00339677756955719,0.0033538828377407,1,1,4
"CMU-TimeSeries",2025-08-16,0.504191922431611,0.503785771236128,0.00141971404225093,0.00140040625849633,0.586444036249225,0.585883053319104,0.00268359000205965,0.00264676406104272,0.25,1,4
"CMU-TimeSeries",2025-08-23,0.580962843761195,0.580298749318095,0.00120652458313934,0.00118833937912681,0.607402954516353,0.606939844427959,0.00184902878159239,0.00182213086610393,0.5,1,4
"CMU-TimeSeries",2025-08-30,NA,NA,0.01375,0.013653321835642,NA,NA,0.01375,0.013653321835642,0,0,4
"CMU-TimeSeries",2025-09-06,1.08199820431673,1.08134017845322,0.00298447814867837,0.00294513538099761,1.01458434845555,1.01460926810373,0.00455229593494538,0.00449453304201946,0.5,0.75,4
"CMU-TimeSeries",2025-09-13,NA,NA,0.009075,0.00903067129510869,NA,NA,0.009075,0.00903067129510869,0,0,4
"CMU-TimeSeries",2025-09-20,0.65126325252912,0.651598698498936,0.00229824109604967,0.00227917953539728,0.629644894963868,0.630224639073524,0.00352622670961138,0.00349775570524111,0.25,0.75,4
"CMU-TimeSeries",2025-09-27,0.462292311649405,0.462667232775291,0.00130830000074173,0.00129998210673031,0.407015503670146,0.407557400579596,0.00190517685458865,0.00189412939905828,0.25,0.75,4
"CMU-TimeSeries",2025-10-04,NA,NA,0.00164231555402486,0.00163287099876197,NA,NA,0.00232103273747417,0.00230897088773457,0,0.75,4
"CMU-TimeSeries",2025-10-11,NA,NA,0.00102881475912354,0.00102358544700037,NA,NA,0.00124147554073278,0.00123638193269353,0.5,1,4
"CMU-TimeSeries",2025-10-18,NA,NA,0.000734115146075044,0.000730058081144075,NA,NA,0.000517127615715239,0.000515315768214184,0.5,1,4
"CMU-TimeSeries",2025-12-06,0.82003208950264,0.819675524448037,0.00121838645755359,0.00121127385702051,0.869196429993111,0.869053534239048,0.00217397480078333,0.00216156410756672,0,1,4
"CMU-TimeSeries",2025-12-13,0.84193611134101,0.841536865070368,0.00156439083226296,0.00155378956393786,0.846266816661585,0.846061732477411,0.0027343663176319,0.00271614808925495,0,1,4
"CMU-TimeSeries",2025-12-20,1.02858273850647,1.02822954742369,0.00204390867944215,0.00202978570481658,0.940085417124633,0.939980759253455,0.00332999243586272,0.0033074981979047,0,0.75,4
"CMU-TimeSeries",2026-01-03,1.35088231656697,1.34938790902289,0.00121055478749636,0.00119894793990777,1.81412850358203,1.81327393287941,0.00213325613729577,0.00211469985349682,0.5,1,4
"CMU-TimeSeries",2026-01-10,1.09520668577089,1.09491886081588,0.00117991367732671,0.00116950279829898,1.09878682090383,1.09868171310484,0.00212882462116485,0.00211149350924469,0,1,4
"CMU-TimeSeries",2026-01-17,0.510599590311261,0.510839872941092,0.000390119114511673,0.000387331805353595,0.118706626662039,0.118750779050105,0.000112589967328873,0.000111821701228422,1,1,4
"CMU-TimeSeries",2026-01-24,0.75593366031719,0.756234565421359,0.000428062495312474,0.000425356174758782,1.85082609851726,1.85140475417208,0.000563359968300557,0.000559857379404735,0.75,1,4
"CMU-TimeSeries",2026-01-31,0.696214997470875,0.696145750095709,0.00041738917564438,0.00041458921681097,0.397265108651679,0.397273516664984,8.90147864566959e-05,8.84516089877212e-05,1,1,4
"CMU-TimeSeries",2026-02-07,0.664952313101354,0.664947591847843,0.000402895425754423,0.000400359074787507,1.13738649039051,1.13748178252447,0.000291428240252396,0.000289732024095806,1,1,4
"CMU-TimeSeries",2026-02-14,0.712018858418575,0.71201713881675,0.000418109761868984,0.000415652484477183,1.09097507875858,1.09101602973515,0.000471040308891706,0.000468410824797018,1,1,4
"CMU-TimeSeries",2026-02-21,0.733621020103751,0.733614210953785,0.000542754656255101,0.000539660859904957,0.878519237004291,0.878569102729942,0.000842075884454156,0.000837751050224202,0.75,1,4
"CMU-TimeSeries",2026-02-28,0.798261893859658,0.798419499103083,0.000745628115345403,0.000741765281448213,0.817700852594859,0.817814439823268,0.00126590529874604,0.00125985674155686,0.25,1,4
"CMU-TimeSeries",2026-03-07,0.535941871136035,0.536162209827135,0.000451397207764957,0.000449444140218122,0.486311347004248,0.486498222736244,0.00068988754778736,0.000687213052839928,0.5,1,4
"CMU-TimeSeries",2026-03-14,0.629104302381477,0.629335964840033,0.00050586069303633,0.000503853763018039,0.657813179975388,0.657959239325737,0.000855938303972974,0.000852829964019327,0.25,1,4
"CMU-TimeSeries",2026-03-21,0.462955707198978,0.463141388530641,0.000344018958684328,0.000342863356096978,0.497728023769206,0.497855752367461,0.000543464146794485,0.000541822649306921,0.75,1,4
"CMU-TimeSeries",2026-03-28,0.407092313617724,0.407258249437202,0.000278120649213939,0.000277342867641233,0.454270706855279,0.454342419342425,0.000382533621771408,0.00038158939178504,0.5,1,4
"CMU-TimeSeries",2026-04-04,0.580698043897028,0.58093590754881,0.000426541164682261,0.00042544940921069,0.718529556023187,0.718618879507417,0.000670773462499996,0.000669210449283041,0.25,1,4
"CMU-TimeSeries",2026-04-11,0.537832750384897,0.538087974837621,0.000364162693885389,0.00036336757043008,0.692287526617341,0.692374480231477,0.000590538204187167,0.000589359972962078,0.25,1,4
"CMU-TimeSeries",2026-04-18,0.460923840589363,0.461140283765984,0.000278568131172535,0.000278036096286298,0.667133463290187,0.667206375532671,0.000458217332387153,0.00045742924568509,0.25,1,4
"CMU-TimeSeries",2026-04-25,0.293185289875555,0.293313690758407,0.000155182855930028,0.00015491770478211,0.49735674400543,0.49740893795221,0.000216969152319522,0.000216649393020949,1,1,4
"CMU-TimeSeries",2026-05-02,0.230460141470997,0.230554326092248,0.000111468523009562,0.000111298543026746,0.271243183310223,0.271264369704593,7.28265920048806e-05,7.27313111041039e-05,1,1,4
"CMU-TimeSeries",2026-05-09,0.247969606640775,0.248076719519885,0.000109438111888871,0.000109289307793856,Inf,Inf,9.7528318323429e-05,9.74099091442977e-05,1,1,4
"CMU-TimeSeries",2026-05-16,0.266190389713707,0.266303598703545,0.000114741433759653,0.000114593267086056,1.53654803611939,1.53657314448858,0.000121277958146447,0.000121138447784062,1,1,4
"CMU-TimeSeries",2026-05-23,0.258009661541852,0.25811183329253,0.000118969914470419,0.000118812443129122,0.947864057199736,0.947860779005735,0.000126713187596138,0.000126571943051783,1,1,4
"CMU-TimeSeries",2026-05-30,0.239014443224198,0.239117217810382,0.000103787158810547,0.000103659211329069,0.853600823081653,0.853600482598549,6.62403052589447e-05,6.6170748830575e-05,1,1,4
"CMU-TimeSeries",2026-06-06,0.237209072426969,0.237311801640494,0.000102616783275934,0.000102491776680136,0.441844014961032,0.441855634562584,3.20629124297023e-05,3.20301463514076e-05,1,1,4
"CMU-TimeSeries",2026-06-13,0.346442016974279,0.346623889840398,0.000148285224601714,0.000148138735754843,1.54579478721089,1.54586829956802,0.000283398804237662,0.000283120165470338,0.5,1,4
"CMU-TimeSeries",2026-06-20,0.407665005190419,0.407854727661416,0.000181156755863907,0.00018096510356811,1.22957415638042,1.2296130551082,0.000354094805791044,0.000353720608733041,0.25,1,4
"CMU-TimeSeries",2026-06-27,0.616210475415862,0.616431253362542,0.000277112394863919,0.000276791530115521,1.14346822144806,1.14350718605552,0.000537224644391078,0.00053660773999906,0,1,4
"CMU-TimeSeries",2026-07-04,0.519347029780213,0.519457877934588,0.000274611838474325,0.00027420275748891,0.9821716494399,0.982166928757535,0.000541371880790061,0.000540565326535277,0.5,1,4
"CMU-TimeSeries",2026-07-11,0.663084000424773,0.663143315967497,0.000386659480045633,0.000385995197287375,0.980811595212259,0.980804872530473,0.00073861784970611,0.000737361372410986,0.25,1,4
"CMU-TimeSeries",2026-07-18,0.7697596221646,0.769754830969714,0.000388419778190438,0.000387700863788569,0.986468353097136,0.986463192911194,0.000725762881969315,0.000724426051595839,0,1,4
"CMU-TimeSeries",2026-07-25,0.684882560721738,0.684853744733688,0.00029791277322663,0.000297302964523909,0.870849294341975,0.870811084729161,0.000566052041322284,0.000564873585424089,0,1,4
"CMU-TimeSeries",2026-08-01,0.527756500341211,0.527729732420254,0.000169765383869215,0.000169377563270101,0.747153705076928,0.74711600629,0.000298861482030771,0.00029816063701718,1,1,4
"CovidHub-baseline",2025-08-09,1,1,0.00317569300763008,0.00313830303452089,1,1,0.005075,0.00501606058211681,0,0.75,4
"CovidHub-baseline",2025-08-16,1,1,0.00294922003395577,0.00291177133701715,1,1,0.004825,0.00476394185213308,0,1,4
"CovidHub-baseline",2025-08-23,1,1,0.00174024795814208,0.0017165721701193,1,1,0.002725,0.00268730328137927,0.25,1,4
"CovidHub-baseline",2025-09-06,1,1,0.0028130464585298,0.00277790183536145,1,1,0.00445,0.0043937392661593,0.25,0.75,4
"CovidHub-baseline",2025-09-20,1,1,0.00322832919923764,0.00319950882779543,1,1,0.005175,0.00512804002354441,0,1,4
"CovidHub-baseline",2025-09-27,1,1,0.00262016690192119,0.00260107490761779,1,1,0.004425,0.00439285055380338,0,1,4
"CovidHub-baseline",2025-11-22,1,1,0.00069599266623101,0.00069352687802016,1,1,0.001,0.00099615754896359,1,1,4
"CovidHub-baseline",2025-11-29,1,1,0.000895079186403277,0.000891406512772898,1,1,0.00155,0.00154308458833057,0.75,1,4
"CovidHub-baseline",2025-12-06,1,1,0.00138733100875791,0.00137996629786111,1,1,0.002475,0.00246141855703578,0.5,1,4
"CovidHub-baseline",2025-12-13,1,1,0.00181026493611947,0.00179891232333059,1,1,0.003175,0.00315477510337686,0.25,1,4
"CovidHub-baseline",2025-12-20,1,1,0.00205011316714635,0.00203671531381448,1,1,0.003575,0.00355132232324024,0,1,4
"CovidHub-baseline",2025-12-27,1,1,0.0013627948987642,0.00135299466393473,1,1,0.002225,0.00220843962785384,0.5,1,4
"CovidHub-baseline",2026-01-03,1,1,0.000762809213513874,0.000756469398313645,1,1,0.001025,0.00101673884832163,0.75,1,4
"CovidHub-baseline",2026-01-10,1,1,0.00108017520014765,0.00107102360896185,1,1,0.001975,0.00195908642603997,0,1,4
"CovidHub-baseline",2026-01-17,1,1,0.0007659721878409,0.000760122373445624,1,1,0.001175,0.00116653291779752,0.75,1,4
"CovidHub-baseline",2026-01-24,1,1,0.00060184532013581,0.000597780436673882,1,1,4e-04,0.000397387196046943,1,1,4
"CovidHub-baseline",2026-01-31,1,1,0.0005870603408833,0.000583207710496327,1,1,3e-04,0.000298092213781056,1,1,4
"CovidHub-baseline",2026-02-07,1,1,0.000596616743792438,0.000592887874299814,1,1,0.000325,0.000323092543530273,1,1,4
"CovidHub-baseline",2026-02-14,1,1,0.000618205055103812,0.000614586439056409,1,1,0.000575,0.000571799247281917,1,1,4
"CovidHub-baseline",2026-02-21,1,1,0.000705260028785614,0.000701239813264534,1,1,0.000975,0.000969910740205034,1,1,4
"CovidHub-baseline",2026-02-28,1,1,0.000879820283517509,0.000875049765179687,1,1,0.001525,0.00151746928350861,0.75,1,4
"CovidHub-baseline",2026-03-07,1,1,0.000790511720361225,0.00078672171843508,1,1,0.001275,0.00126954505439404,1,1,4
"CovidHub-baseline",2026-03-14,1,1,0.000776372573905087,0.000772982518817207,1,1,0.001275,0.00127006569709303,1,1,4
"CovidHub-baseline",2026-03-21,1,1,0.000684426479515882,0.000681809639297155,1,1,0.001,0.000996693633843157,1,1,4
"CovidHub-baseline",2026-03-28,1,1,0.000607599353770712,0.00060560795947408,1,1,0.000675,0.00067317876125243,1,1,4
"CovidHub-baseline",2026-04-04,1,1,0.000637912209411225,0.000635970781219544,1,1,0.00085,0.000847917730432875,1,1,4
"CovidHub-baseline",2026-04-11,1,1,0.000607837329029268,0.000606180703660056,1,1,8e-04,0.000798301194973863,1,1,4
"CovidHub-baseline",2026-04-18,1,1,0.000558600951943758,0.000557243316411269,1,1,0.00065,0.000648809720460982,1,1,4
"CovidHub-baseline",2026-04-25,1,1,0.000500544789026151,0.000499451983026849,1,1,4e-04,0.000399368506218212,1,1,4
"CovidHub-baseline",2026-05-02,1,1,0.000460418243638958,0.000459512180025029,1,1,2e-04,0.000199722885628485,1,1,4
"CovidHub-baseline",2026-05-09,1,1,0.000435262276797768,0.00043446912737183,NA,NA,7.5e-05,7.49088611142516e-05,1,1,4
"CovidHub-baseline",2026-05-16,1,1,0.000427404959687097,0.000426656986743657,1,1,9.99999999999999e-05,9.98851326794571e-05,1,1,4
"CovidHub-baseline",2026-05-23,1,1,0.000426079523740346,0.00042533470101363,1,1,0.000125,0.000124861404244663,1,1,4
"CovidHub-baseline",2026-05-30,1,1,0.000415257891651743,0.000414556140507897,1,1,7.5e-05,7.49213326632308e-05,1,1,4
"CovidHub-baseline",2026-06-06,1,1,0.000412663802601613,0.000411968796642357,1,1,7.5e-05,7.49213326632308e-05,1,1,4
"CovidHub-baseline",2026-06-13,1,1,0.000398666158133321,0.000398044377961115,1,1,2e-04,0.000199792717436016,1,1,4
"CovidHub-baseline",2026-06-20,1,1,0.000408026569306997,0.000407393782461376,1,1,3e-04,0.000299672862592012,1,1,4
"CovidHub-baseline",2026-06-27,1,1,0.000428629794626751,0.000427968725371884,1,1,0.000475,0.000474436938216535,1,1,4
"CovidHub-baseline",2026-07-04,1,1,0.000461687303006182,0.000460912511682355,1,1,0.00055,0.000549183762797999,1,1,4
"CovidHub-baseline",2026-07-11,1,1,0.000509949391193912,0.000509045893037874,1,1,0.00075,0.00074872974735863,1,1,4
"CovidHub-baseline",2026-07-18,1,1,0.000486379649676932,0.000485482904224217,1,1,0.000733333333333333,0.000731985878844544,1,1,4
"CovidHub-baseline",2026-07-25,1,1,0.000434983733434074,0.000434111614063698,1,1,0.00065,0.000648675235455662,1,1,4
"CovidHub-baseline",2026-08-01,1,1,0.000321673695652174,0.000320955126961122,1,1,4e-04,0.000399082116441026,1,1,4
"CovidHub-ensemble",2026-01-17,0.542422819227821,0.542900966052827,0.00039321054575665,0.000390557918902083,0.201614746125233,0.201745547120417,0.000193358417091726,0.00019208225304239,1,1,4
"CovidHub-ensemble",2026-01-24,0.729387370394569,0.729711840977382,0.000407483784992154,0.000404936031102952,1.80696210755172,1.80750236511407,0.000543451922054464,0.000540062044776772,0.75,1,4
"CovidHub-ensemble",2026-01-31,0.654319775178871,0.654344879596347,0.000378319406425251,0.000375858261717438,0.464385795460021,0.464416280294881,0.000112501913786074,0.000111797596987438,1,1,4
"CovidHub-ensemble",2026-02-07,0.595489685433912,0.595558177480736,0.000353714744839363,0.000351553960414972,0.656502208813825,0.656549015521436,0.000202768670493876,0.000201592269892128,1,1,4
"CovidHub-ensemble",2026-02-14,0.618735700773768,0.618814018335272,0.000354920838140772,0.000352908069851322,0.706007384054615,0.705967172053327,0.000284218021487984,0.000282599578375569,1,1,4
"CovidHub-ensemble",2026-02-21,0.600270883572393,0.6003667714766,0.00040115230278968,0.000398967183572187,0.650855002079412,0.650940052429804,0.000536970821189688,0.000534272208320094,1,1,4
"CovidHub-ensemble",2026-02-28,0.499413555123932,0.499697221380105,0.00045772192006982,0.000455518594561804,0.279896254190535,0.280040784938424,0.000624453838149006,0.00062176811260328,0.5,1,4
"CovidHub-ensemble",2026-03-07,0.411945878224991,0.412193141661971,0.000323261471239806,0.000321923612896662,0.301041918354612,0.301167013128082,0.00043052885523839,0.000428916700187836,1,1,4
"CovidHub-ensemble",2026-03-14,0.470600219835964,0.470817101929949,0.000356130405954469,0.000354765615815992,0.471564082610478,0.471720509843633,0.000582777879168613,0.000580739326141955,0.75,1,4
"CovidHub-ensemble",2026-03-21,0.372093776518444,0.372307462523424,0.000255788763226191,0.000254972654466937,0.229941239356497,0.230031768965248,0.000296691147541034,0.0002958525547159,0.75,1,4
"CovidHub-ensemble",2026-03-28,0.347012235347341,0.34717274488988,0.000216099070055919,0.000215513218816198,0.359045892950058,0.359122732751477,0.00026879578743632,0.000268154882630942,0.75,1,4
"CovidHub-ensemble",2026-04-04,0.379708480504891,0.379916696678172,0.000272347367378433,0.000271693477888804,0.413293268468201,0.41339703470312,0.000419709520064187,0.000418804959729816,0.5,1,4
"CovidHub-ensemble",2026-04-11,0.382369648737534,0.382585514897038,0.000253429690096467,0.000252904056241103,0.42007281157623,0.420177419232546,0.000392242679235035,0.000391513193563297,0.5,1,4
"CovidHub-ensemble",2026-04-18,0.378530817565317,0.378730024899502,0.000216343899537214,0.000215946554355171,0.578360173003057,0.578440917158308,0.000373117957433957,0.000372492731089719,0.25,1,4
"CovidHub-ensemble",2026-04-25,0.270967487105654,0.271105961414616,0.000136217193328612,0.000135996044378696,0.386174121706104,0.386223580363871,0.000164961392576133,0.000164723139578321,1,1,4
"CovidHub-ensemble",2026-05-02,0.222734153116632,0.222839694584106,0.000103237440432187,0.000103088695418646,0.217444421827287,0.217464376658372,5.2272605139781e-05,5.22052852352937e-05,1,1,4
"CovidHub-ensemble",2026-05-09,0.242450460704524,0.24256655596253,0.00010372330499821,0.000103588634574249,Inf,Inf,8.85304981639599e-05,8.84231106241631e-05,1,1,4
"CovidHub-ensemble",2026-05-16,0.252750354762721,0.252863561364772,0.000107528992961988,0.000107394282991511,1.36153333349631,1.36154755600879,0.000112359844883702,0.000112230413939891,1,1,4
"CovidHub-ensemble",2026-05-23,0.242737408589177,0.242843670338005,0.000109849966222083,0.000109710879709322,0.922458037630661,0.922457950371561,0.000121652954929668,0.000121517964084225,1,1,4
"CovidHub-ensemble",2026-05-30,0.240995216507596,0.241104374663984,0.000102938472978119,0.000102814618002804,1.0614955031456,1.06148161795564,9.18580719169725e-05,9.17598696820416e-05,1,1,4
"CovidHub-ensemble",2026-06-06,0.207487614987391,0.207595614940955,9.53947162432423e-05,9.52822529669211e-05,0.713333355947724,0.713403169516251,4.92417581769752e-05,4.91946600161178e-05,1,1,4
"CovidHub-ensemble",2026-06-13,0.299711925204791,0.299865246872185,0.000137616052997939,0.000137478567546833,1.35682980015634,1.35687692844744,0.000265454999347181,0.000265191455734813,0.25,1,4
"CovidHub-ensemble",2026-06-20,0.338663508376882,0.338810122142885,0.000138660054760127,0.000138507037318801,0.985281187173169,0.985284222858944,0.000253996511728335,0.000253717228277412,0.75,1,4
"CovidHub-ensemble",2026-06-27,0.338244894434053,0.33833573347317,0.000157653717502642,0.000157454066999776,0.566728359951037,0.566669335413762,0.000288993015475746,0.000288617013910011,0.75,1,4
"CovidHub-ensemble",2026-07-04,0.35234379625784,0.35237626007099,0.000179412458707724,0.000179122559269942,0.417531460154477,0.417470294217946,0.00028403547392487,0.00028355532318789,0.75,1,4
"CovidHub-ensemble",2026-07-11,0.380762916581421,0.380754827191108,0.000228231777708615,0.000227807500002105,0.467097078206274,0.467002430375513,0.000416463427954883,0.000415659189667747,0.5,1,4
"CovidHub-ensemble",2026-07-18,0.403915687145621,0.403871354906377,0.000209103502471522,0.000208690573292177,0.488142893479093,0.488043949917692,0.000380115225068296,0.000379334387754107,0.666666666666667,1,4
"CovidHub-ensemble",2026-07-25,0.376941353017318,0.37686732341374,0.000163963357021164,0.000163602482055004,0.338951133378999,0.338897324025764,0.00022031823669635,0.000219834301457706,1,1,4
"CovidHub-ensemble",2026-08-01,0.362804225814123,0.362757430946662,0.000116704576115855,0.000116428857305576,0.125316999457029,0.125295129413224,5.01267997828118e-05,5.00030454259818e-05,1,1,4
"UGA_flucast-INFLAenza",2025-08-09,0.357922997538531,0.357496764507785,0.00113930272092822,0.00112434041867591,0.36377470530964,0.363185992637254,0.00205027848354295,0.00202253658671433,0.5,1,4
"UGA_flucast-INFLAenza",2025-08-16,0.424004192220763,0.423620499466407,0.00126827222564094,0.00125091122272811,0.482139434761251,0.481523846989522,0.00236068436729822,0.00232765167108196,0.5,1,4
"UGA_flucast-INFLAenza",2025-08-23,0.588344272176507,0.58810603577003,0.00108203749251703,0.0010669017852067,0.634790898603193,0.634382540007723,0.00173411628881644,0.00170906583622974,0.5,1,4
"UGA_flucast-INFLAenza",2025-09-06,0.610693233522846,0.610871092055484,0.00148995840253903,0.00147215054164434,0.540544446029339,0.541181892450754,0.00238607779576875,0.00235933547500284,0.5,1,4
"UGA_flucast-INFLAenza",2025-09-27,0.570652736287848,0.571144978158479,0.00153218817159356,0.00152262907102045,0.569341799214862,0.569866199637428,0.00251057726230842,0.00249497834985071,0,0.75,4
"UGA_flucast-INFLAenza",2025-11-22,0.475586874290053,0.475172496640706,0.000299112536914444,0.000297730984828881,0.217431225779309,0.21735651680224,0.00014444852961457,0.000143841375544716,1,1,4
"UGA_flucast-INFLAenza",2025-11-29,0.383261572039519,0.382936181840035,0.000305536940665278,0.00030395915575474,0.101496000271121,0.101411993091304,0.000184770067962215,0.000183713002651323,1,1,4
"UGA_flucast-INFLAenza",2025-12-06,0.391585541616865,0.391182048172088,0.00052785665663372,0.000524404264819524,0.233595777172984,0.233340198696668,0.000786061164140963,0.000780520489704392,0.75,1,4
"UGA_flucast-INFLAenza",2025-12-13,0.466117506174777,0.465680664568206,0.000904350084648293,0.000897685775386296,0.411426522645901,0.411025147981189,0.00157399778840991,0.00156213209255771,0.5,1,4
"UGA_flucast-INFLAenza",2025-12-20,0.581079850959168,0.580606586227661,0.00125101829095961,0.00124178866414382,0.602297219641449,0.601846231781776,0.00222724951465601,0.00221084300623022,0,1,4
"UGA_flucast-INFLAenza",2025-12-27,0.693849266965132,0.693572264683068,0.000986047010671532,0.000978636323349457,0.769842713368639,0.769616805390565,0.00184917800825476,0.00183514080006951,0,1,4
"UGA_flucast-INFLAenza",2026-01-03,0.759431660578267,0.759798534694494,0.000501394788753313,0.000497525911568507,0.86251303158212,0.862587922516869,0.000625066470008854,0.000619966912625473,0.75,1,4
"UGA_flucast-INFLAenza",2026-01-10,0.388793598969415,0.389213226026211,0.000394887968945962,0.000392048530642642,0.0791517076272366,0.079249233404383,0.000194629706209473,0.000193317560630733,1,1,4
"UGA_flucast-INFLAenza",2026-01-17,0.538394892711378,0.53894437623318,0.000383106481186008,0.000380600872018073,0.266143936031605,0.266343947819766,0.000293261131108593,0.000291370482678543,1,1,4
"UGA_flucast-INFLAenza",2026-01-24,0.750784069586299,0.751207354259369,0.000406364827639336,0.000403870121558983,1.80697324581795,1.80750431108961,0.000534431165745882,0.000531089553662407,1,1,4
"UGA_flucast-INFLAenza",2026-01-31,0.633145578429812,0.633287929302227,0.000349907421471683,0.000347707291566601,0.600780850093049,0.600855557664462,0.00016522770175001,0.000164208302556628,1,1,4
"UGA_flucast-INFLAenza",2026-02-07,0.60791059004138,0.608018874367826,0.00033745403420831,0.000335433314333199,0.637319714979801,0.637326726043663,0.000176700257412861,0.000175660509154322,1,1,4
"UGA_flucast-INFLAenza",2026-02-14,0.598174340320776,0.598320200900158,0.000328007228276085,0.000326205109325184,0.66618160565714,0.666116854006902,0.000260511381726154,0.000259012296879105,1,1,4
"UGA_flucast-INFLAenza",2026-02-21,0.515977419830506,0.516235036981323,0.000312932492033295,0.000311339369318062,0.35943615468013,0.359406138714283,0.000248729227518951,0.000247413555139478,1,1,4
"UGA_flucast-INFLAenza",2026-02-28,0.377782106946386,0.378045052769116,0.000295787414869442,0.000294415433667608,0.157918547792125,0.158019193811491,0.000264639350562753,0.000263548942962696,1,1,4
"UGA_flucast-INFLAenza",2026-03-07,0.359314516201856,0.359566022211586,0.000252372123463333,0.000251360318425383,0.19527114506973,0.195347318572306,0.000224915255999836,0.000224064490194928,1,1,4
"UGA_flucast-INFLAenza",2026-03-14,0.334286893879216,0.334507889239109,0.000238425613701363,0.000237564135816518,0.21452326289725,0.214626525629027,0.000254026049490845,0.000253176157215998,1,1,4
"UGA_flucast-INFLAenza",2026-03-21,0.321985905656096,0.322192205439599,0.000201972147487682,0.000201348735950943,0.139840578342909,0.139899933596546,0.00014071134157608,0.000140320090953555,1,1,4
"UGA_flucast-INFLAenza",2026-03-28,0.341571778038086,0.341775244736596,0.000186906426859288,0.000186421568567579,0.377916807054874,0.377997076137655,0.000197433592848305,0.000196950365724062,1,1,4
"UGA_flucast-INFLAenza",2026-04-04,0.318310293657073,0.318511138940703,0.000190074483714459,0.000189634868314715,0.28596442316743,0.286050411921049,0.000238956756030348,0.000238459838791797,1,1,4
"UGA_flucast-INFLAenza",2026-04-11,0.324851969745438,0.325049202136082,0.000189605384922278,0.000189223301209093,0.326748061136653,0.326842920962195,0.000269083777128926,0.000268599971731019,0.75,1,4
"UGA_flucast-INFLAenza",2026-04-18,0.311040794049737,0.311220496633779,0.000166439946592708,0.00016614552875434,0.375493417353043,0.375569755943691,0.000243280943228341,0.000242890466338728,1,1,4
"UGA_flucast-INFLAenza",2026-04-25,0.267862664851672,0.268008379354947,0.000126305367048484,0.000126107424479435,0.320773305758254,0.32081679766964,0.000124883451371691,0.000124704487574285,1,1,4
"UGA_flucast-INFLAenza",2026-05-02,0.244367688657256,0.244490669522791,0.00010495923679421,0.000104813561640866,0.196610697961691,0.1966270496276,3.72425787440465e-05,3.71945039947018e-05,1,1,4
"UGA_flucast-INFLAenza",2026-05-09,0.254655650140496,0.254781556172586,0.000103487107066556,0.000103356344743394,Inf,Inf,6.54668923320623e-05,6.53874437070321e-05,1,1,4
"UGA_flucast-INFLAenza",2026-05-16,0.270780342700418,0.270911145908079,0.000109735497804344,0.00010960293656171,1.38376142565621,1.38377579973831,0.000115122587758931,0.000114989964272517,1,1,4
"UGA_flucast-INFLAenza",2026-05-23,0.267892964455423,0.268024495900818,0.000112001986254477,0.000111867171715806,0.959884656790423,0.959885927668317,0.000119904130876512,0.000119771455497826,1,1,4
"UGA_flucast-INFLAenza",2026-05-30,0.279518111551774,0.279645882910709,0.000113713097057474,0.000113578385004389,1.61204407067304,1.61199454448092,0.000131572484874633,0.000131429143653533,1,1,4
"UGA_flucast-INFLAenza",2026-06-20,0.268030372398031,0.268123342738564,0.000105900587508698,0.000105774008198959,0.361047729301768,0.361027160054688,9.16464078821828e-05,9.15400270747206e-05,1,1,4
"UGA_flucast-INFLAenza",2026-06-27,0.29345155054024,0.293513380879677,0.000119992924227414,0.000119832609707806,0.353427457964241,0.353385444093438,0.000142323088060343,0.00014213477507972,1,1,4
"UGA_flucast-INFLAenza",2026-07-04,0.29680478273056,0.29681699320356,0.000133874232390485,0.000133648724164893,0.228273353059277,0.228229727586619,0.000114821073889569,0.0001146193009901,1,1,4
"UGA_flucast-INFLAenza",2026-07-11,0.324899058293887,0.324866184430775,0.000162997923614193,0.000162681522363114,0.292822446990669,0.292751712914244,0.000206715333185907,0.000206304092277794,1,1,4
"UGA_flucast-INFLAenza",2026-07-18,0.362848482482076,0.362788271125104,0.00017013091550368,0.000169784167434326,0.354346874245255,0.354274316202994,0.000235091927983234,0.000234608270071157,1,1,4
"UGA_flucast-INFLAenza",2026-07-25,0.392466723057169,0.392381509520588,0.000170716640444044,0.000170337370426733,0.338951133378999,0.338897324025764,0.00022031823669635,0.000219834301457706,1,1,4
"UGA_flucast-INFLAenza",2026-08-01,0.456938355924043,0.45682129472621,0.000146985049635315,0.000146619136647395,0.125316999457029,0.125295129413224,5.01267997828118e-05,5.00030454259818e-05,1,1,4
