"model_id","target_end_date","wis_scaled_relative_skill","wis_scaled_relative_skill__log","wis","wis__log","ae_median_scaled_relative_skill","ae_median_scaled_relative_skill__log","ae_median","ae_median__log","interval_coverage_50","interval_coverage_95","n"
"CFA-EpiAutoGP",2026-09-19,0.909490397944813,0.908632417128603,0.000468765318083727,0.000465932047413735,0.996579987587561,0.996227141796732,0.000702351572071182,0.000698151986626936,0.591836734693878,0.979591836734694,49
"CFA-EpiAutoGP",2026-09-26,0.791220587380408,0.790667881260741,0.000545518968379082,0.000542318097876174,0.866244800720864,0.866398222704352,0.000765708962108957,0.000761592906752113,0.73469387755102,1,49
"CFA-EpiAutoGP",2026-10-03,0.765247629181939,0.765024072835909,0.000711926875841062,0.000707671088547628,0.951727202687596,0.952381969954513,0.00104504567129442,0.00103953964410404,0.73469387755102,1,49
"CFA-NowcastAutoGP",2026-09-26,0.95064267786541,0.949522017514085,0.000457207149244334,0.000454446004736799,1.11847008488714,1.11773921220044,0.000663276600938308,0.00065936435149207,0.653061224489796,1,49
"CFA-NowcastAutoGP",2026-10-03,1.00526097934147,1.00459935750982,0.000597270939053449,0.000594007739122417,1.25847849972152,1.25879439729162,0.000887048573768652,0.000882602321901516,0.510204081632653,0.908163265306122,98
"CFA-PyRenew_E",2026-09-19,0.87016451671248,0.868969214555296,0.000448887120371646,0.000445977449201104,1.02872820741748,1.02782244633332,0.000728109847887417,0.000723368815526227,0.479166666666667,0.9375,48
"CFA-PyRenew_E",2026-09-26,1.00304229232102,1.00230871393487,0.000584438037356574,0.00058102887727086,1.26416057519944,1.26365546051113,0.000935194058060016,0.000929707723873116,0.427083333333333,0.947916666666667,96
"CFA-PyRenew_E",2026-10-03,0.940117476217536,0.939471635753524,0.000650128845345126,0.000646278880732069,1.23939383532118,1.23934923277187,0.00100749909858817,0.00100187533506865,0.569444444444444,0.986111111111111,144
"CFA-PyRenew_HE",2026-09-19,0.878540640970946,0.877356117490925,0.00045279913717307,0.000449918523229691,1.03128894902765,1.03043078869926,0.00072588064824745,0.000721255931442681,0.521739130434783,0.91304347826087,46
"CFA-PyRenew_HE",2026-09-26,1.03304622356052,1.03226893022065,0.000599738124063488,0.000596255600561288,1.29570060918278,1.29516269483373,0.00095429254840423,0.000948726016187243,0.425531914893617,0.925531914893617,94
"CFA-PyRenew_HE",2026-10-03,0.980851624073482,0.980116767563598,0.000672719248446221,0.000668712741650426,1.30179756468681,1.30177466476855,0.00105047812800151,0.00104465869801469,0.549295774647887,0.971830985915493,142
"CFA_Pyrenew-PyrenewHEW_COVID",2025-06-28,0.625392987106407,0.62545179742464,0.000313166458868637,0.000311984953111069,0.890125192184523,0.8906634241714,0.000492357073771656,0.000490580489180168,0.533333333333333,0.933333333333333,45
"CFA_Pyrenew-PyrenewHEW_COVID",2025-07-05,0.783758185596777,0.783977319791263,0.000518786326444755,0.000516743193840322,0.996634101951573,0.997590834911781,0.000803755944364799,0.000800725862785405,0.355555555555556,0.866666666666667,90
"CFA_Pyrenew-PyrenewHEW_COVID",2025-07-12,0.715457562102083,0.714976427332548,0.000602203336605378,0.000597910843150546,0.835315496457859,0.835623408546503,0.000900874312951066,0.000894840438046242,0.533333333333333,0.922222222222222,90
"CFA_Pyrenew-PyrenewHEW_COVID",2025-07-19,0.70401233180177,0.703644144449422,0.000622817181103684,0.000618704173049121,0.74024817750181,0.740434616491643,0.000958061308305988,0.000952083160407564,0.455555555555556,0.922222222222222,90
"CFA_Pyrenew-PyrenewHEW_COVID",2025-07-26,0.714724670062174,0.715067554448551,0.000763949948543556,0.000758225353889634,0.712871041302423,0.71318948496311,0.00122216268225953,0.00121277781129289,0.388888888888889,0.922222222222222,90
"CFA_Pyrenew-PyrenewHEW_COVID",2025-08-02,0.717101529981568,0.717270285104556,0.00092609716661037,0.000918659041000541,0.672593196275354,0.672851797446088,0.00144575682288509,0.00143423686994312,0.417582417582418,0.868131868131868,91
"CFA_Pyrenew-PyrenewHEW_COVID",2025-08-09,0.63643006221991,0.636480455929681,0.000897374273143785,0.000888801570548814,0.596805401971562,0.596761311465621,0.00143318384618263,0.00141947846285667,0.483870967741935,0.956989247311828,93
"CFA_Pyrenew-PyrenewHEW_COVID",2025-08-16,0.580127496601446,0.580385555358956,0.00109930116716644,0.00108667712363787,0.545898203163559,0.545991668522992,0.00167818690867861,0.00165863877715166,0.505376344086022,0.967741935483871,93
"CFA_Pyrenew-PyrenewHEW_COVID",2025-08-23,0.546006526675356,0.546251445519322,0.00113819417874874,0.00112247007002728,0.51575326462435,0.515874397776808,0.00170065230611919,0.00167734722189804,0.56989247311828,0.924731182795699,93
"CFA_Pyrenew-PyrenewHEW_COVID",2025-08-30,0.746099449896996,0.744554396140958,0.00133739729780656,0.00131503102639052,0.68718476461389,0.685634115166208,0.00203692879378133,0.00200312796772815,0.553191489361702,0.925531914893617,94
"CFA_Pyrenew-PyrenewHEW_COVID",2025-09-06,0.722587866886864,0.72309132807896,0.00160617345773076,0.00157881648051444,0.64907733270356,0.649598720908573,0.00246716795339519,0.0024255285609484,0.467391304347826,0.91304347826087,92
"CFA_Pyrenew-PyrenewHEW_COVID",2025-09-13,0.775033678089888,0.775691848066467,0.00136003419564707,0.00134078433762662,0.787175178532491,0.787711130087841,0.00213645797224687,0.00210632336923555,0.472527472527473,0.945054945054945,91
"CFA_Pyrenew-PyrenewHEW_COVID",2025-09-20,0.722467498688797,0.7232810674955,0.00125166837318027,0.00123702162621058,0.708145201659595,0.709020230523598,0.0019279039857708,0.00190560735168508,0.462365591397849,0.924731182795699,93
"CFA_Pyrenew-PyrenewHEW_COVID",2025-09-27,0.667242927618457,0.668095594722915,0.00111108586713105,0.00110130368979396,0.655667690584168,0.6565145685584,0.00175636394811238,0.00174104012547986,0.417582417582418,0.901098901098901,91
"CFA_Pyrenew-PyrenewHEW_COVID",2025-10-04,0.442074533895869,0.442846618270751,0.000857904529877202,0.000852210795752655,0.422391597295866,0.423106493034368,0.00138209726645426,0.00137319834064027,0.409090909090909,0.977272727272727,44
"CFA_Pyrenew-PyrenewHEW_COVID",2025-11-22,0.702798942099304,0.70244343064126,0.000389743097959533,0.000387958402435739,0.917473201542889,0.917277511861335,0.000574488131543283,0.000571818012773645,0.590909090909091,0.931818181818182,44
"CFA_Pyrenew-PyrenewHEW_COVID",2025-11-29,0.815305352862478,0.814776027391946,0.000624554681375487,0.000621402365216417,0.866816328526457,0.866598587708059,0.000911174051307094,0.000906718090085068,0.534090909090909,0.909090909090909,88
"CFA_Pyrenew-PyrenewHEW_COVID",2025-12-06,0.719489305290858,0.719114658575197,0.000638603559058336,0.000635068948332456,0.782051663995655,0.781981839946782,0.00100669241593804,0.0010011602484337,0.494252873563218,0.96551724137931,87
"CFA_Pyrenew-PyrenewHEW_COVID",2025-12-13,0.723945913766663,0.723266800120766,0.000645271507342258,0.000641319989138876,0.775383984515933,0.775157872800582,0.00100854747369669,0.00100261533104781,0.528735632183908,0.954022988505747,87
"CFA_Pyrenew-PyrenewHEW_COVID",2025-12-20,0.808040049690221,0.807554134535989,0.0012715925096343,0.00126172115212906,0.816321306380668,0.816134390525296,0.00210373475943892,0.00208749444593524,0.318181818181818,0.931818181818182,44
"CFA_Pyrenew-Pyrenew_E_COVID",2025-06-21,0.779660127963039,0.779457175567907,0.000398042065893423,0.000396572859862446,1.15429682938113,1.15441946017147,0.000623441091537972,0.000621150938871985,0.36,0.84,50
"CFA_Pyrenew-Pyrenew_E_COVID",2025-06-28,0.63932931238582,0.639322884594879,0.000462976626267047,0.00046112259646876,0.900980695961418,0.901387125100484,0.000737171359861745,0.000734281773454723,0.44,0.92,100
"CFA_Pyrenew-Pyrenew_E_COVID",2025-07-05,0.768218027354894,0.768335676777264,0.000494710180330514,0.000492710703443398,1.00477532433121,1.00543929459751,0.000784869665760553,0.000781719497550378,0.32,0.9,100
"CFA_Pyrenew-Pyrenew_E_COVID",2025-07-12,0.70596285026646,0.705533051802989,0.000595694149890117,0.000591581410876769,0.852716173618545,0.853056948758143,0.00092397779259908,0.00091798755342485,0.46,0.93,100
"CFA_Pyrenew-Pyrenew_E_COVID",2025-07-19,0.63887949477085,0.638707844848404,0.000542461223968266,0.000539079698262923,0.694338341365396,0.694490942400934,0.000861576955652866,0.000856288214030417,0.43,0.94,100
"CFA_Pyrenew-Pyrenew_E_COVID",2025-07-26,0.674853886544586,0.675199131499707,0.000683220199895577,0.00067828661750577,0.669170248080218,0.66965655423358,0.00108459871196956,0.00107682215672159,0.38,0.91,100
"CFA_Pyrenew-Pyrenew_E_COVID",2025-08-02,0.728628837755627,0.728654888766973,0.000904553146294901,0.000897326412261118,0.675081392849336,0.675286901430555,0.00139632533749543,0.00138542687016112,0.36,0.84,100
"CFA_Pyrenew-Pyrenew_E_COVID",2025-08-09,0.617335771700282,0.617355802566836,0.000850098604474454,0.00084213065040155,0.579267118165962,0.579126905901033,0.00135706297747777,0.00134414661520698,0.45,0.94,100
"CFA_Pyrenew-Pyrenew_E_COVID",2025-08-16,0.54706699206311,0.547081343696812,0.00100742127172971,0.000995659167077162,0.535690106168706,0.535551242735547,0.00160454906814792,0.00158554746293582,0.43,0.94,100
"CFA_Pyrenew-Pyrenew_E_COVID",2025-08-23,0.516957951589728,0.516771386957729,0.00104640033119033,0.00103138689502714,0.513467439591132,0.513186435970754,0.00164146996065603,0.00161811558679564,0.53,0.95,100
"CFA_Pyrenew-Pyrenew_E_COVID",2025-08-30,0.666878355708637,0.666121783739059,0.00116426158937809,0.00114587366738899,0.614219289878416,0.613638070026269,0.00177306601190277,0.00174582502810952,0.55,0.95,100
"CFA_Pyrenew-Pyrenew_E_COVID",2025-09-06,0.663101841079144,0.66344030753358,0.00145032865741201,0.00142645847570139,0.600280630143358,0.600889172747606,0.00220542679725599,0.00217020807080739,0.54,0.92,100
"CFA_Pyrenew-Pyrenew_E_COVID",2025-09-13,0.662312624631939,0.662834795720227,0.00118143781769962,0.00116521271120271,0.675481865970888,0.675991199926453,0.0018660853110539,0.00184073746205999,0.52,0.96,100
"CFA_Pyrenew-Pyrenew_E_COVID",2025-09-20,0.667426369879083,0.668158755833109,0.00116529727226378,0.00115182584984945,0.663542675463513,0.66437604067671,0.00179130927246741,0.00177091330534761,0.45,0.92,100
"CFA_Pyrenew-Pyrenew_E_COVID",2025-09-27,0.629014393857479,0.629769171128238,0.00101889820263348,0.00101000059284613,0.616004893163168,0.616763403531024,0.00161007334727583,0.00159616758773239,0.412371134020619,0.917525773195876,97
"CFA_Pyrenew-Pyrenew_E_COVID",2025-10-04,0.432921248180325,0.433603527839586,0.000830575689894441,0.000825058433455961,0.419675024434122,0.420283539079545,0.00135904100302218,0.00135018048556839,0.51063829787234,0.978723404255319,47
"CFA_Pyrenew-Pyrenew_E_COVID",2025-11-22,0.693187104335711,0.692820142533033,0.000375823783184178,0.000374109582951645,0.90754747086571,0.907301869367142,0.000554929089750713,0.000552342338590111,0.680851063829787,0.936170212765957,47
"CFA_Pyrenew-Pyrenew_E_COVID",2025-11-29,0.791068943399145,0.790643239501212,0.000617430164252808,0.0006144388304245,0.876722531951908,0.876532732214385,0.00093506126486532,0.000930615716235727,0.574468085106383,0.914893617021277,94
"CFA_Pyrenew-Pyrenew_E_COVID",2025-12-06,0.691377027882614,0.690983508991303,0.000599210474321565,0.000595891777312542,0.745501679457037,0.745372705551077,0.000934464104683624,0.000929305373603554,0.557894736842105,0.968421052631579,95
"CFA_Pyrenew-Pyrenew_E_COVID",2025-12-13,0.719997260270292,0.719255087968321,0.00065445861690051,0.000650349950785808,0.765143114962701,0.764864693611072,0.00102615013112364,0.00101998118063528,0.473684210526316,0.957894736842105,95
"CFA_Pyrenew-Pyrenew_E_COVID",2025-12-20,0.75371962283634,0.753204573974505,0.00109916411406758,0.00109031631571271,0.75361342320857,0.75337355077693,0.00175528232651192,0.00174137284350165,0.34020618556701,0.88659793814433,97
"CFA_Pyrenew-Pyrenew_E_COVID",2025-12-27,0.53740469233551,0.536891301793313,0.00150179072345346,0.00148405433613824,0.548329914496322,0.547864133042491,0.00228121665853045,0.00225545573384469,0.378947368421053,0.873684210526316,95
"CFA_Pyrenew-Pyrenew_E_COVID",2026-01-03,0.579880334538137,0.578940762619884,0.00124511446495047,0.00122720964381556,0.579740197525195,0.578534639433424,0.00191329302001094,0.00188565792004709,0.358695652173913,0.847826086956522,92
"CFA_Pyrenew-Pyrenew_E_COVID",2026-01-10,1.7216197094516,1.71567555641336,0.00154351730070551,0.00152107689224638,1.84460218222479,1.83922940124312,0.00240090993302525,0.00236592343286108,0.45360824742268,0.865979381443299,97
"CFA_Pyrenew-Pyrenew_E_COVID",2026-01-17,1.11981806293574,1.12011503718206,0.00106404306321398,0.00105310207976348,1.23838240620788,1.23940659800237,0.00173588707048368,0.00171832091543026,0.37,0.96,100
"CFA_Pyrenew-Pyrenew_E_COVID",2026-01-24,1.59736735905279,1.59778738435464,0.00137972891344072,0.00136768907982605,1.85390269643073,1.85564081219533,0.00217064970438634,0.00215198618497823,0.282828282828283,0.828282828282828,99
"CFA_Pyrenew-Pyrenew_E_COVID",2026-01-31,1.34503214169174,1.34563032958384,0.00110466453719087,0.00109549866616036,1.6158273676021,1.61790565858825,0.00175259490565943,0.00173828762142254,0.474747474747475,0.898989898989899,99
"CFA_Pyrenew-Pyrenew_E_COVID",2026-02-07,1.19272326295905,1.19269151243709,0.000999067562685238,0.000990001684811744,1.45424430886171,1.45582421285361,0.00157373157584392,0.00155998581180645,0.54,0.96,100
"CFA_Pyrenew-Pyrenew_E_COVID",2026-02-14,0.978408895912298,0.978350924611195,0.000739203339262551,0.000733192799200708,1.20007731435058,1.2013733106846,0.00115296319328535,0.00114419767179038,0.565656565656566,0.96969696969697,99
"CFA_Pyrenew-Pyrenew_E_COVID",2026-02-21,1.05020782125822,1.049331120548,0.000826680740173986,0.000819803802841977,1.30872941736052,1.30876139037975,0.00132645032719598,0.00131596314322272,0.520833333333333,0.979166666666667,96
"CFA_Pyrenew-Pyrenew_E_COVID",2026-02-28,0.822021396399861,0.821951393302336,0.000818899872054767,0.000812839717086956,0.914466206891193,0.915020346312529,0.00130006219704108,0.00129087780900983,0.510416666666667,0.947916666666667,96
"CFA_Pyrenew-Pyrenew_E_COVID",2026-03-07,0.683868168895699,0.684394236365823,0.000609563000461887,0.000605964557070374,0.752024193742961,0.752839073708342,0.000960189436290759,0.000954713048024471,0.520408163265306,0.969387755102041,98
"CFA_Pyrenew-Pyrenew_E_COVID",2026-03-14,0.642179462451634,0.642528328523756,0.000534000878605327,0.000531139482474175,0.659987804527489,0.660384321774768,0.000809786013978144,0.00080557116304417,0.63265306122449,0.979591836734694,98
"CFA_Pyrenew-Pyrenew_E_COVID",2026-03-21,0.600607593471634,0.600863092536736,0.000517204099191237,0.000514794317990402,0.636013165048766,0.636376026737305,0.000812638591738316,0.000809088095529393,0.530612244897959,0.979591836734694,98
"CFA_Pyrenew-Pyrenew_E_COVID",2026-03-28,0.552536071828092,0.553155397387914,0.000421146246802994,0.00041979041007106,0.635894615338946,0.636535498543595,0.000679879313643109,0.000677756286770148,0.540816326530612,0.959183673469388,98
"CFA_Pyrenew-Pyrenew_E_COVID",2026-04-04,0.558682804026227,0.559122495213717,0.000336442819823788,0.000335421716974671,0.70477416688721,0.70521857125914,0.000523520233535606,0.000522027907272192,0.581632653061224,0.989795918367347,98
"CFA_Pyrenew-Pyrenew_E_COVID",2026-04-11,0.590526057473252,0.591033083681705,0.000396267370521993,0.000395228003546656,0.741998175694697,0.742488300704736,0.000629704985008249,0.000628125648322789,0.536082474226804,0.948453608247423,97
"CFA_Pyrenew-Pyrenew_E_COVID",2026-04-18,0.45571050747482,0.456147497897048,0.000259019672362944,0.000258455508409202,0.605421601558816,0.605845124601641,0.000393914374695328,0.00039310205158059,0.608247422680412,0.989690721649485,97
"CFA_Pyrenew-Pyrenew_E_COVID",2026-04-25,0.580247934120904,0.580659539030404,0.000301728766405801,0.000301135958864993,0.837973479294031,0.838241207076093,0.000484632135536907,0.000483742172916572,0.469387755102041,0.948979591836735,98
"CFA_Pyrenew-Pyrenew_E_COVID",2026-05-02,0.505340616655104,0.505759100929157,0.00023942348365722,0.000239063326459762,0.77985200807763,0.780073589963522,0.000379777605555817,0.000379249531247953,0.489795918367347,0.969387755102041,98
"CFA_Pyrenew-Pyrenew_E_COVID",2026-05-09,0.475103619489102,0.475525038899031,0.00020694688158884,0.000206687857942336,0.800601257373375,0.800779384320437,0.000299533315848478,0.000299183000829002,0.540816326530612,0.948979591836735,98
"CFA_Pyrenew-Pyrenew_E_COVID",2026-05-16,0.467786781492146,0.468192509476807,0.000203871852661705,0.000203628065367807,0.944872072537616,0.945048629518728,0.000308283421870093,0.00030794529760171,0.489795918367347,0.948979591836735,98
"CFA_Pyrenew-Pyrenew_E_COVID",2026-05-23,0.439203984473082,0.439546325256903,0.000189315382674625,0.000189088349818894,0.909309954356449,0.909387155388314,0.000284011969706603,0.000283687380573746,0.556701030927835,0.958762886597938,97
"CFA_Pyrenew-Pyrenew_E_COVID",2026-05-30,0.436701083859543,0.436955434516808,0.000179173085544548,0.000178927832428887,1.03649148167367,1.03628483563079,0.000283701715760079,0.000283333988843645,0.473684210526316,0.957894736842105,95
"CFA_Pyrenew-Pyrenew_E_COVID",2026-06-06,0.369428293510256,0.369693650654069,0.000141283544945281,0.000141116337188013,0.941478633886509,0.941466430572413,0.000214745065060634,0.000214512947814153,0.557894736842105,0.989473684210526,95
"CFA_Pyrenew-Pyrenew_E_COVID",2026-06-13,0.399492545968901,0.399846913234344,0.000147695452115961,0.000147549398614154,1.23157594765849,1.23165458695445,0.000234377483180076,0.000234156102592476,0.53125,0.958333333333333,96
"CFA_Pyrenew-Pyrenew_E_COVID",2026-06-20,0.436075032078251,0.436458755903726,0.000161037593594224,0.000160896855874448,1.08435969258891,1.08434818756544,0.000250076540922017,0.000249861830524901,0.521276595744681,0.946808510638298,94
"CFA_Pyrenew-Pyrenew_E_COVID",2026-06-27,0.651785860863838,0.651991614555372,0.000242917186498455,0.00024258265537897,1.41024125108413,1.41003685643994,0.000358891922081607,0.00035842093015732,0.419354838709677,0.881720430107527,93
"CFA_Pyrenew-Pyrenew_E_COVID",2026-07-04,0.712567352850867,0.712787756478357,0.000285322190520186,0.000284902672925139,1.28343320820862,1.2832796163057,0.000412785657233643,0.000412222996731304,0.357894736842105,0.842105263157895,95
"CFA_Pyrenew-Pyrenew_E_COVID",2026-07-11,0.491488564431887,0.491669124281353,0.000186499619425935,0.000186230405562431,1.01352143167648,1.01360402980323,0.000304176483493894,0.000303768687531092,0.4375,0.947916666666667,96
"CFA_Pyrenew-Pyrenew_E_COVID",2026-07-18,0.406083754590972,0.406170955814866,0.000164242906567326,0.000163937946772973,0.64677391625989,0.647152248973578,0.000243829143193928,0.000243461123321828,0.5625,0.989583333333333,96
"CFA_Pyrenew-Pyrenew_E_COVID",2026-07-25,0.559981790552716,0.559970301147794,0.000255088662118673,0.000254521375945889,0.792476548649404,0.792491699269509,0.000407789465319909,0.000406907974240073,0.458333333333333,0.9375,96
"CFA_Pyrenew-Pyrenew_E_COVID",2026-08-01,0.629843372483218,0.629609218085795,0.000295972876978467,0.000295154537355237,0.805386847191429,0.805142144417798,0.000467241175569226,0.000466014537504109,0.395833333333333,0.9375,96
"CFA_Pyrenew-Pyrenew_E_COVID",2026-08-08,0.606426678636518,0.606241975435181,0.00033254992713818,0.000331468664421576,0.661881122552996,0.661808330769882,0.000523710269796196,0.000522038671961037,0.46875,0.96875,96
"CFA_Pyrenew-Pyrenew_E_COVID",2026-08-15,0.519037738866605,0.518913547736232,0.000337689856873901,0.000336371491124513,0.540384905799069,0.540474865242708,0.000523056141080738,0.000521089022042686,0.479166666666667,0.96875,96
"CFA_Pyrenew-Pyrenew_E_COVID",2026-08-22,0.573255618095531,0.572897521699099,0.000467764115223794,0.000465074619756415,0.535261544598818,0.535216880907716,0.000703318927915248,0.00069948969785397,0.53125,0.96875,96
"CFA_Pyrenew-Pyrenew_E_COVID",2026-08-29,0.682217893580372,0.681358147519663,0.000591887821898389,0.000587467240484134,0.666844122851432,0.66624078277507,0.000918945564719316,0.000912251122920164,0.447916666666667,0.947916666666667,96
"CFA_Pyrenew-Pyrenew_E_COVID",2026-09-05,1.01378287524995,1.0103654561238,0.000875866029000783,0.000868018871451555,0.987301999923709,0.98455901196692,0.00135675593385009,0.00134516916706664,0.486111111111111,0.9375,144
"CFA_Pyrenew-Pyrenew_E_COVID",2026-09-12,1.31630068869848,1.31059516208221,0.00106196434470952,0.00105144053519064,1.40734072317275,1.40191052425105,0.00163636866325909,0.00162084574419001,0.468531468531469,0.93006993006993,143
"CFA_Pyrenew-Pyrenew_E_COVID",2026-09-19,1.10421429769617,1.10266338447289,0.00115640265632617,0.00114752541647071,1.26490044044187,1.26424241957717,0.00181554328209447,0.00180274659349862,0.389473684210526,0.957894736842105,95
"CFA_Pyrenew-Pyrenew_E_COVID",2026-09-26,0.947434271497979,0.946874722371315,0.000941867352275389,0.000935685494398934,1.11437417988465,1.11436735148954,0.00137040362779204,0.00136198111320379,0.617021276595745,0.978723404255319,47
"CFA_Pyrenew-Pyrenew_HE_COVID",2025-06-28,0.656585414647431,0.656716976139979,0.000330113508573882,0.000328925468802311,0.929311689061751,0.929923204746255,0.000521650389493638,0.000519825576523587,0.46,0.94,50
"CFA_Pyrenew-Pyrenew_HE_COVID",2025-07-05,0.791766420303522,0.791971323656075,0.000510390930169107,0.000508379469151655,1.00165009248109,1.00251690574464,0.000785685211552138,0.000782675522599544,0.35,0.87,100
"CFA_Pyrenew-Pyrenew_HE_COVID",2025-07-12,0.734966996723703,0.734495411045193,0.000616837733629072,0.000612582262254939,0.873987945739909,0.874369078842843,0.000944556350458317,0.000938478782144247,0.45,0.93,100
"CFA_Pyrenew-Pyrenew_HE_COVID",2025-07-19,0.685182690693085,0.684881638679758,0.000584741639170795,0.000580992120857224,0.741395646891259,0.741536292003071,0.000923160871947694,0.00091745220042024,0.444444444444444,0.939393939393939,99
"CFA_Pyrenew-Pyrenew_HE_COVID",2025-07-26,0.675459661316979,0.675866876242561,0.000685961219715564,0.000681056499216428,0.677411173754507,0.677832550078003,0.00110105493762116,0.00109303116847635,0.383838383838384,0.929292929292929,99
"CFA_Pyrenew-Pyrenew_HE_COVID",2025-08-02,0.702928437568085,0.703028013168745,0.000872142602099487,0.000865265365430432,0.660200927971892,0.660446444092445,0.00136377536375228,0.00135321787590402,0.38,0.87,100
"CFA_Pyrenew-Pyrenew_HE_COVID",2025-08-09,0.608822174590776,0.608720350799827,0.000838325310601235,0.000830303420072605,0.566098323285053,0.565867426815809,0.00132647644895945,0.00131363644906555,0.45,0.95,100
"CFA_Pyrenew-Pyrenew_HE_COVID",2025-08-16,0.579921534943767,0.580072073053771,0.00106729322138029,0.00105507343221302,0.557172976107998,0.557173564918282,0.00166932984813887,0.00164999128789188,0.47,0.93,100
"CFA_Pyrenew-Pyrenew_HE_COVID",2025-08-23,0.544197272677511,0.544157343688865,0.00111388290826083,0.00109815279095763,0.520829030017139,0.520653538668832,0.00168177160944737,0.00165809331089265,0.520408163265306,0.928571428571429,98
"CFA_Pyrenew-Pyrenew_HE_COVID",2025-08-30,0.704838866771229,0.703583527478835,0.00125128594541432,0.00123051934704177,0.650502440280998,0.649332281613412,0.00190998911922302,0.00187877921553666,0.526315789473684,0.936842105263158,95
"CFA_Pyrenew-Pyrenew_HE_COVID",2025-09-06,0.659226788980737,0.659458087676174,0.00144852014921807,0.00142399135649347,0.59119804798084,0.591669728224683,0.0021895345512661,0.00215331142758864,0.556701030927835,0.917525773195876,97
"CFA_Pyrenew-Pyrenew_HE_COVID",2025-09-13,0.656946686467928,0.657546071683647,0.00117706239102424,0.00116104733370763,0.661051035894749,0.661635498649508,0.00183967969462285,0.0018149381546367,0.51,0.96,100
"CFA_Pyrenew-Pyrenew_HE_COVID",2025-09-20,0.687903102111993,0.688682196313255,0.0011966811123209,0.00118288218847484,0.685812268247432,0.686684032423843,0.0018435985612001,0.00182264121354321,0.46,0.92,100
"CFA_Pyrenew-Pyrenew_HE_COVID",2025-09-27,0.655687171771946,0.656483338135074,0.0010607048813135,0.0010514423139212,0.644694629068718,0.645482266589234,0.00168780593475797,0.00167319431855623,0.391752577319588,0.927835051546392,97
"CFA_Pyrenew-Pyrenew_HE_COVID",2025-10-04,0.458627581256987,0.459408695219508,0.000880402070823782,0.00087466457885053,0.435623126327825,0.43631522010602,0.00141008050217478,0.00140107570997609,0.425531914893617,0.936170212765957,47
"CFA_Pyrenew-Pyrenew_HE_COVID",2025-11-22,0.678375980776661,0.677969824222651,0.000367790876649939,0.000366088408011364,0.892046377461127,0.891746084092379,0.000545009383874323,0.00054243153732192,0.617021276595745,0.936170212765957,47
"CFA_Pyrenew-Pyrenew_HE_COVID",2025-11-29,0.810759481716539,0.810297129073524,0.0006334855113676,0.0006304001714812,0.877729327519519,0.877523471355764,0.000935409306605316,0.000930950629291753,0.553191489361702,0.893617021276596,94
"CFA_Pyrenew-Pyrenew_HE_COVID",2025-12-06,0.7079495103727,0.70757333886184,0.000615219127074424,0.000611837692177594,0.761079575376297,0.761011220310663,0.000957937362205094,0.000952732843194843,0.536842105263158,0.968421052631579,95
"CFA_Pyrenew-Pyrenew_HE_COVID",2025-12-13,0.737056675778198,0.73629891488235,0.000671006210547491,0.000666794657926304,0.789157351247996,0.788882086395402,0.00105958887003321,0.00105323375463001,0.505263157894737,0.957894736842105,95
"CFA_Pyrenew-Pyrenew_HE_COVID",2025-12-20,0.768263940596303,0.767781430772065,0.00113206580537708,0.00112302122868681,0.759729182620677,0.759521068298636,0.00178604640902015,0.00177198413461679,0.329896907216495,0.865979381443299,97
"CFA_Pyrenew-Pyrenew_HE_COVID",2025-12-27,0.575015598049766,0.574588290941792,0.0016076458682412,0.00158900129151223,0.57493564697095,0.574533592998996,0.00239907399886267,0.00237231890790968,0.368421052631579,0.821052631578947,95
"CFA_Pyrenew-Pyrenew_HE_COVID",2026-01-03,0.641897035942247,0.640399250409698,0.00138720369038818,0.00136624524758251,0.63396233390659,0.632156691210269,0.00210350749904021,0.00207148217194936,0.391304347826087,0.826086956521739,92
"CFA_Pyrenew-Pyrenew_HE_COVID",2026-01-10,1.73433964533782,1.72837574501154,0.00155546681324075,0.00153287352614037,1.87717439236864,1.871830213068,0.00244383427191792,0.00240837989596693,0.45360824742268,0.88659793814433,97
"CFA_Pyrenew-Pyrenew_HE_COVID",2026-01-17,1.15957246630244,1.15991204945922,0.00110003271467226,0.00108872690568449,1.27973778198768,1.28088474831884,0.00178289653403217,0.00176498993472205,0.41,0.94,100
"CFA_Pyrenew-Pyrenew_HE_COVID",2026-01-24,1.64764297675785,1.64832675967648,0.00142288493883756,0.00141068114530558,1.96515800476223,1.96714521629256,0.00230146016650062,0.00228183740044375,0.222222222222222,0.868686868686869,99
"CFA_Pyrenew-Pyrenew_HE_COVID",2026-01-31,1.3998171421839,1.40039775161725,0.00114894933740707,0.00113938679183408,1.70457883036379,1.70680362077528,0.00184529620420751,0.00183027712739964,0.424242424242424,0.919191919191919,99
"CFA_Pyrenew-Pyrenew_HE_COVID",2026-02-07,1.18075530274148,1.1806173778953,0.000988907362722069,0.000979846581690807,1.44466870236506,1.4462066589043,0.00156291250074646,0.00154922757401331,0.51,0.96,100
"CFA_Pyrenew-Pyrenew_HE_COVID",2026-02-14,0.987801333034193,0.987903871044897,0.000749737031153582,0.000743769135394641,1.20626236807796,1.20775908873809,0.00116412095324861,0.00115546042284593,0.55,0.97,100
"CFA_Pyrenew-Pyrenew_HE_COVID",2026-02-21,1.14647248534685,1.14519396266417,0.000905336030494541,0.000897573554829585,1.40295531002484,1.40273607602846,0.00142590809528023,0.00141440077966196,0.536082474226804,0.989690721649485,97
"CFA_Pyrenew-Pyrenew_HE_COVID",2026-02-28,0.857650224038613,0.857665690276981,0.000819656720626083,0.000813556846266818,0.919355702714387,0.920014323919345,0.00126590326593513,0.00125688913024224,0.515789473684211,0.957894736842105,95
"CFA_Pyrenew-Pyrenew_HE_COVID",2026-03-07,0.775336169096621,0.775683610292226,0.000691033598411565,0.000686738780827741,0.848476001759427,0.849462681576424,0.00108246616938263,0.00107637775586631,0.510204081632653,0.989795918367347,98
"CFA_Pyrenew-Pyrenew_HE_COVID",2026-03-14,0.70257355396101,0.702900876158537,0.000585804451510538,0.000582624583261135,0.707147140044218,0.707578589902438,0.00086966039822065,0.000865146804079053,0.612244897959184,0.979591836734694,98
"CFA_Pyrenew-Pyrenew_HE_COVID",2026-03-21,0.650312257452783,0.650550154049322,0.000560108195588264,0.000557466385595452,0.687227262378799,0.687667337108785,0.000877792827167811,0.000874018020239006,0.520408163265306,0.979591836734694,98
"CFA_Pyrenew-Pyrenew_HE_COVID",2026-03-28,0.556360201060865,0.557017805262529,0.000424810857370681,0.000423468990061779,0.632204514379308,0.63288050287247,0.000676684108117566,0.000674612302101927,0.510204081632653,0.948979591836735,98
"CFA_Pyrenew-Pyrenew_HE_COVID",2026-04-04,0.611391485292141,0.611848679148154,0.000367945882186659,0.000366814602720448,0.76936210739173,0.769762300708377,0.000571190081085879,0.000569499233374875,0.540816326530612,0.969387755102041,98
"CFA_Pyrenew-Pyrenew_HE_COVID",2026-04-11,0.608222478447034,0.608689370641645,0.000413640271801673,0.000412535681322141,0.765080756156711,0.765515943538013,0.000658846355583163,0.000657162874311395,0.483516483516484,0.934065934065934,91
"CFA_Pyrenew-Pyrenew_HE_COVID",2026-04-18,0.477926209279406,0.478401685736872,0.000261991691890695,0.000261466028324149,0.640284354624122,0.640741671141572,0.000396088031278208,0.000395331596837914,0.632183908045977,0.988505747126437,87
"CFA_Pyrenew-Pyrenew_HE_COVID",2026-04-25,0.61722674163621,0.617578806220982,0.000330785336574009,0.000330110951382883,0.864738123232525,0.864932144475315,0.000514581017929023,0.000513624374634094,0.464285714285714,0.928571428571429,84
"CFA_Pyrenew-Pyrenew_HE_COVID",2026-05-02,0.547078625576896,0.5474955345748,0.000256869404453812,0.000256485497604709,0.844113526634935,0.844295225474873,0.000407455065558907,0.000406889977365873,0.453488372093023,0.976744186046512,86
"CFA_Pyrenew-Pyrenew_HE_COVID",2026-05-09,0.480768119315502,0.481197636556084,0.000211864136020089,0.000211599880076115,0.841348328409528,0.841546301317527,0.000319111004111254,0.000318740848569326,0.585106382978723,0.936170212765957,94
"CFA_Pyrenew-Pyrenew_HE_COVID",2026-05-16,0.45768825867549,0.458085759636482,0.000205438157138664,0.000205202260619857,0.890303034765568,0.890466078100357,0.000301102215218054,0.000300789151521703,0.541176470588235,0.941176470588235,85
"CFA_Pyrenew-Pyrenew_HE_COVID",2026-05-23,0.445061560159952,0.445414370328597,0.000196379599113935,0.000196171271786345,0.925537241900159,0.92565078172835,0.000299177502349421,0.000298889963445695,0.558441558441558,0.948051948051948,77
"CFA_Pyrenew-Pyrenew_HE_COVID",2026-05-30,0.423575190424233,0.423899226781767,0.000175594423181332,0.000175414102269872,0.971935421731321,0.97192292039049,0.00027009024223179,0.000269835469056041,0.519480519480519,0.948051948051948,77
"CFA_Pyrenew-Pyrenew_HE_COVID",2026-06-06,0.367068725937669,0.36734386679366,0.000141089673837552,0.00014093929237172,0.944237766740051,0.94427311210477,0.000219422418060228,0.000219216440475783,0.582278481012658,0.987341772151899,79
"CFA_Pyrenew-Pyrenew_HE_COVID",2026-06-13,0.420125212268118,0.420493982683032,0.000155815858754735,0.000155663907782351,1.28534301121187,1.28542465445906,0.00024542580774158,0.000245198376236204,0.541176470588235,0.941176470588235,85
"CFA_Pyrenew-Pyrenew_HE_COVID",2026-06-20,0.462916269052663,0.46332909727547,0.000168890663718319,0.000168757352196028,1.14021042868732,1.14021166189094,0.000257355990511718,0.000257160149033739,0.465116279069767,0.918604651162791,86
"CFA_Pyrenew-Pyrenew_HE_COVID",2026-06-27,0.552831349932719,0.553198320334333,0.00020331096081465,0.000203110631099066,1.23757496218831,1.23778298161469,0.0003082264635835,0.000307937151635612,0.404494382022472,0.876404494382023,89
"CFA_Pyrenew-Pyrenew_HE_COVID",2026-07-04,0.635942804967861,0.63626731524718,0.000254672667364903,0.000254349079952815,1.16083124118931,1.16095121016572,0.00037216653123643,0.000371741729573095,0.32258064516129,0.806451612903226,93
"CFA_Pyrenew-Pyrenew_HE_COVID",2026-07-11,0.497646725902069,0.497859998868982,0.000186616161195056,0.000186360049964604,1.02126538234181,1.02138946227797,0.000302796772213773,0.000302403452835438,0.457446808510638,0.946808510638298,94
"CFA_Pyrenew-Pyrenew_HE_COVID",2026-07-18,0.415182093082374,0.415341128272574,0.000167922781819333,0.000167639194296333,0.669602204768571,0.670083668707703,0.000252435244781703,0.000252088010142803,0.510416666666667,0.989583333333333,96
"CFA_Pyrenew-Pyrenew_HE_COVID",2026-07-25,0.563630397765277,0.563707885538284,0.000257818211629361,0.00025728246079739,0.785201785391036,0.785332129557493,0.00040618867676335,0.000405365833747543,0.4,0.905263157894737,95
"CFA_Pyrenew-Pyrenew_HE_COVID",2026-08-01,0.620012825175773,0.619799573414015,0.000288571075631736,0.000287775948765169,0.814380788792684,0.814156416782775,0.000465607008989917,0.000464387082474715,0.451612903225806,0.924731182795699,93
"CFA_Pyrenew-Pyrenew_HE_COVID",2026-08-08,0.603549190325194,0.603481079682781,0.000327865709762221,0.000326873476900359,0.668634201298158,0.668629609523619,0.000523088367847129,0.000521481141160965,0.457446808510638,0.925531914893617,94
"CFA_Pyrenew-Pyrenew_HE_COVID",2026-08-15,0.537153464594668,0.537108875613883,0.000349476084290881,0.000348166113940597,0.554278633689066,0.554414957780166,0.000536504332577911,0.000534529109000785,0.520833333333333,0.927083333333333,96
"CFA_Pyrenew-Pyrenew_HE_COVID",2026-08-22,0.584596362667661,0.584356212449417,0.000479258321264672,0.000476586454095545,0.547158405270286,0.547185593875239,0.000720619183659945,0.000716764681000183,0.505263157894737,0.926315789473684,95
"CFA_Pyrenew-Pyrenew_HE_COVID",2026-08-29,0.678007923983961,0.677170366185173,0.000588822040579963,0.000584399003595168,0.663530267369073,0.662969331142415,0.000911977424063968,0.000905312573140461,0.473684210526316,0.926315789473684,95
"CFA_Pyrenew-Pyrenew_HE_COVID",2026-09-05,1.00787182003547,1.00446960370481,0.000874588161646833,0.000866680062088089,0.972014643790488,0.969268525205783,0.00134203694489199,0.00133041128122512,0.5,0.936619718309859,142
"CFA_Pyrenew-Pyrenew_HE_COVID",2026-09-12,1.30121064586007,1.29571573906416,0.00104114428322681,0.00103086726354641,1.38509102040919,1.37990751053704,0.00159725217654604,0.00158217221414966,0.492957746478873,0.943661971830986,142
"CFA_Pyrenew-Pyrenew_HE_COVID",2026-09-19,1.12708114542286,1.12527767216471,0.00117814886854747,0.00116884050468235,1.28120568083141,1.28046482167211,0.00183356048896179,0.00182045791825266,0.382978723404255,0.957446808510638,94
"CFA_Pyrenew-Pyrenew_HE_COVID",2026-09-26,0.959951996220362,0.959510897722249,0.000954311525549956,0.000948172347940594,1.15557318595297,1.15596814151558,0.00142106817870912,0.0014128256486562,0.595744680851064,0.978723404255319,47
"CMU-TimeSeries",2025-06-28,0.773655310846211,0.773563089208325,0.000417877415302175,0.000416327551997302,1.0929977548175,1.09319221289353,0.000648040256568341,0.000645575344972008,0.38,0.92,50
"CMU-TimeSeries",2025-07-05,0.782801700072536,0.782661802448951,0.000525545080299804,0.00052335419831173,1.05705620833251,1.05727079360545,0.000855094721331641,0.000851429801712023,0.3,0.9,100
"CMU-TimeSeries",2025-07-12,0.866817303581879,0.866021611683055,0.000784679874554127,0.00077941725087615,1.04015139645532,1.04039821061082,0.00123052186469161,0.00122277024339349,0.38,0.9,150
"CMU-TimeSeries",2025-07-19,0.889227707633567,0.888764646441205,0.000980598796543596,0.000974265352408214,0.967518064054703,0.967693842458237,0.00160381555907943,0.0015939215408053,0.385,0.9,200
"CMU-TimeSeries",2025-07-26,0.900576826762882,0.900734977668297,0.00125795755085559,0.00124802724869431,0.930645941620912,0.931092631220695,0.00204241915418879,0.00202723004621165,0.3,0.88,200
"CMU-TimeSeries",2025-08-02,0.896004554230315,0.896159722609305,0.00162410805848194,0.00161145750168556,0.883568296098284,0.883719951016733,0.00266788971076142,0.00264733916763245,0.245,0.865,200
"CMU-TimeSeries",2025-08-09,0.798663456422219,0.798742041946832,0.00181430803999122,0.00179837483548005,0.797750581484419,0.79793727434588,0.00304064047548123,0.00301409806991604,0.26,0.905,200
"CMU-TimeSeries",2025-08-16,0.732112983398039,0.731953969121484,0.00210775207526998,0.00208492460457025,0.737136435841867,0.737014118340325,0.00345493433257674,0.00341873291733205,0.335,0.88,200
"CMU-TimeSeries",2025-08-23,0.664348157338066,0.663710668031125,0.00199258681173657,0.00196596852871365,0.688686369416205,0.687693413342713,0.00337947910884031,0.00333471545432343,0.44,0.91,200
"CMU-TimeSeries",2025-08-30,0.666764187328912,0.665600048260294,0.0017458189719444,0.00171997681844521,0.664340325172273,0.662967111440132,0.00288762055281451,0.00284463875556866,0.565,0.945,200
"CMU-TimeSeries",2025-09-06,0.873621436420616,0.872005836389033,0.0020446516393402,0.00201137178410599,0.850181681269146,0.848736987567233,0.00327028603086512,0.00321769027780918,0.58,0.93,200
"CMU-TimeSeries",2025-09-13,1.35594871474381,1.35162772299911,0.00286694042919337,0.00281841956110499,1.30741107016038,1.30273286200141,0.00432501976354991,0.00425096545712567,0.545,0.82,200
"CMU-TimeSeries",2025-09-20,1.2420068381217,1.24043316961099,0.00352137104153212,0.00346730050207562,1.19158448235942,1.18998092303035,0.00506560503553051,0.00498723508847488,0.415,0.755,200
"CMU-TimeSeries",2025-09-27,1.01567730470422,1.01488396609719,0.00362559555508512,0.00357833389206574,0.968050903340148,0.967530346142437,0.00524042924466471,0.00517362140114542,0.231155778894472,0.738693467336683,199
"CMU-TimeSeries",2025-10-04,0.720981154158597,0.721337691176768,0.00315807371989321,0.00312681840342354,0.64929206525915,0.649628645223406,0.00459598409969867,0.00455108656956763,0.161616161616162,0.651515151515151,198
"CMU-TimeSeries",2025-10-11,0.835077766487829,0.835478406077722,0.00243626092002402,0.002417731459686,0.72581644131412,0.726154405714182,0.00356480757205006,0.00353848810276281,0.17258883248731,0.644670050761421,197
"CMU-TimeSeries",2025-10-18,0.878336410581163,0.878819133240391,0.0025142699432599,0.00249692354644473,0.726876399537325,0.727309783391439,0.0034874548082747,0.003464375680955,0.224489795918367,0.61734693877551,196
"CMU-TimeSeries",2025-10-25,NA,NA,0.00283234320670343,0.00281324528858733,NA,NA,0.00374856915423288,0.00372434828573785,0.163265306122449,0.537414965986395,147
"CMU-TimeSeries",2025-11-01,NA,NA,0.00284249548862011,0.00282225152500346,NA,NA,0.00376128704807046,0.00373599395253973,0.204081632653061,0.602040816326531,98
"CMU-TimeSeries",2025-11-08,NA,NA,0.00300451564768467,0.00298171127763217,NA,NA,0.00392249786731533,0.0038956589282585,0.285714285714286,0.571428571428571,49
"CMU-TimeSeries",2025-11-22,0.774085905345522,0.773892517049168,0.000396612615136637,0.000394901929660295,1.07327981380908,1.07338617362204,0.000627326378553392,0.000624611265990947,0.416666666666667,0.979166666666667,48
"CMU-TimeSeries",2025-11-29,0.8950423462209,0.8948467999584,0.000681523128093136,0.0006784500356336,1.03945169534877,1.03945434498881,0.00108241015396091,0.00107751945609142,0.474226804123711,0.896907216494845,97
"CMU-TimeSeries",2025-12-06,0.886410956834667,0.886072751247861,0.000832651160562428,0.000828232336942178,0.992593005052603,0.992585169395934,0.00135765645663191,0.0013504657004784,0.424657534246575,0.972602739726027,146
"CMU-TimeSeries",2025-12-13,0.830604157829644,0.830261467271345,0.000911202604932157,0.000906035659778694,0.892073108031043,0.892073285384615,0.00149364233082809,0.00148530694331703,0.487179487179487,0.953846153846154,195
"CMU-TimeSeries",2025-12-20,0.938793818575365,0.938360178496965,0.00155885515879552,0.0015471905330721,0.922345727276289,0.922281015558423,0.00255054364663159,0.0025318852116531,0.270408163265306,0.872448979591837,196
"CMU-TimeSeries",2025-12-27,1.12411178691033,1.12390711951947,0.00326200233130267,0.0032277370731397,1.06390355214448,1.06397373302381,0.00478630754887692,0.00473886145405595,0.163265306122449,0.658163265306122,196
"CMU-TimeSeries",2026-01-03,1.05283781448969,1.05295094489461,0.003014187094154,0.00297861448303957,1.04522572194553,1.04551423951934,0.0045650018187568,0.00451422233657486,0.214285714285714,0.801020408163265,196
"CMU-TimeSeries",2026-01-10,1.1272333964756,1.12558672270796,0.00169943983562155,0.00168080101826494,1.27192399384353,1.27097305467532,0.00280195588414312,0.0027719387893005,0.48469387755102,0.933673469387755,196
"CMU-TimeSeries",2026-01-17,1.08812008703586,1.08708636508147,0.00146996944817032,0.00145322863684085,1.19945557677856,1.19911562988787,0.00243089353951676,0.00240405126045521,0.494897959183673,0.969387755102041,196
"CMU-TimeSeries",2026-01-24,1.1257465688419,1.12444377675864,0.00139090024006898,0.00137384812196562,1.25871091709625,1.25852689417062,0.00220540316051981,0.00218044254450838,0.494897959183673,0.979591836734694,196
"CMU-TimeSeries",2026-01-31,0.987523849335841,0.98691365203636,0.001099918548559,0.00108800195005529,1.15872866380751,1.15931785838591,0.00169111331499211,0.00167404601841504,0.561224489795918,0.979591836734694,196
"CMU-TimeSeries",2026-02-07,0.865708184293026,0.865612057666147,0.000862970566582674,0.000855369166739461,1.03623983183883,1.03729606265763,0.00127324669030773,0.00126263749487316,0.627551020408163,0.994897959183674,196
"CMU-TimeSeries",2026-02-14,0.885750955129055,0.885594935106595,0.000851571528386792,0.000844435513170228,1.06249448780981,1.06331765456786,0.00125299939220068,0.00124318243334838,0.658163265306122,0.994897959183674,196
"CMU-TimeSeries",2026-02-21,0.885275279118291,0.885081262921965,0.00081334368616434,0.000806690705180329,1.02892501937772,1.02964262640808,0.00111724748533297,0.00110893455131829,0.673469387755102,0.994897959183674,196
"CMU-TimeSeries",2026-02-28,0.838481217381796,0.838664530240879,0.000957487343120037,0.00095041961949862,0.9069584491419,0.907651632073109,0.00142963134579303,0.00141957384741148,0.505102040816326,0.948979591836735,196
"CMU-TimeSeries",2026-03-07,0.82531926248144,0.82552650162293,0.000990451337933062,0.000983708189283882,0.879193050033194,0.879604881403746,0.00155156932263989,0.00154145658356628,0.408163265306122,0.943877551020408,196
"CMU-TimeSeries",2026-03-14,0.788773622593483,0.78899993748612,0.00101359613492509,0.00100740225466889,0.812515448114058,0.812826955255291,0.00152276831531263,0.00151398627578485,0.428571428571429,0.908163265306122,196
"CMU-TimeSeries",2026-03-21,0.785573652303788,0.785882507199257,0.000996807951308622,0.000991570773379902,0.778306820120621,0.77857542950226,0.00145407816199865,0.00144679750183182,0.352040816326531,0.785714285714286,196
"CMU-TimeSeries",2026-03-28,0.736655827962646,0.737035589484915,0.000811725900875336,0.000808040122916603,0.767686498431703,0.767998626302864,0.00119895465455626,0.00119376928042009,0.38265306122449,0.806122448979592,196
"CMU-TimeSeries",2026-04-04,0.689934629137977,0.69026516671436,0.000697291981580523,0.000694497009670945,0.797069150123876,0.797290038358833,0.00102134698200883,0.00101748496371306,0.433673469387755,0.831632653061224,196
"CMU-TimeSeries",2026-04-11,0.719611875554057,0.719989870981067,0.000631273294570855,0.000629153851530069,0.827996691378558,0.828243823856497,0.000936748325602362,0.00093379363654284,0.403061224489796,0.821428571428571,196
"CMU-TimeSeries",2026-04-18,0.640466360532172,0.640757812751541,0.000546008368604345,0.000544390710393634,0.843507385513393,0.84363959015488,0.000836842610886167,0.000834529757912935,0.326530612244898,0.908163265306122,196
"CMU-TimeSeries",2026-04-25,0.677096897344475,0.677465222395415,0.000565475614213965,0.000563998436364146,0.895258491316473,0.895348277320028,0.000852591582195587,0.000850508351322108,0.306122448979592,0.831632653061224,196
"CMU-TimeSeries",2026-05-02,0.616711974256742,0.617125571356706,0.000475090167367403,0.000474054693993343,0.88868315205549,0.888750412837565,0.000722406696908854,0.000720947997787076,0.295918367346939,0.801020408163265,196
"CMU-TimeSeries",2026-05-09,0.539232460588025,0.53963000863403,0.000363410972584362,0.000362747087187964,0.91091403717829,0.910969236848809,0.000546453654998938,0.000545549901264778,0.392857142857143,0.903061224489796,196
"CMU-TimeSeries",2026-05-16,0.499119402643272,0.499522522644894,0.000294910029032527,0.000294469956258441,0.956445494398631,0.956505374909654,0.000427727028204217,0.000427150088092336,0.454081632653061,0.913265306122449,196
"CMU-TimeSeries",2026-05-23,0.494114161030049,0.494501312913408,0.000267337063731156,0.000266962738263178,1.02807101393902,1.02811422204948,0.000392165770667435,0.000391664698525997,0.479591836734694,0.903061224489796,196
"CMU-TimeSeries",2026-05-30,0.485540822431615,0.485941503785287,0.00025113646973539,0.00025081741142604,1.10420792856677,1.10419887097368,0.000371516887395163,0.00037109103002711,0.479591836734694,0.913265306122449,196
"CMU-TimeSeries",2026-06-06,0.456085186112868,0.456447281118775,0.000224688854731245,0.000224403933190446,1.1602442471017,1.16022482847211,0.000325827946270579,0.000325463734547592,0.505102040816326,0.964285714285714,196
"CMU-TimeSeries",2026-06-13,0.411244626363934,0.411580348556072,0.000204580064807967,0.000204332665230714,1.16169397492563,1.16169145507501,0.000300600886875221,0.000300281402961088,0.487309644670051,0.944162436548223,197
"CMU-TimeSeries",2026-06-20,0.467421488096755,0.467813539455366,0.000221221747693952,0.000220974767142705,1.15267847882246,1.15262468074691,0.000318522127586869,0.000318210585826484,0.46969696969697,0.914141414141414,198
"CMU-TimeSeries",2026-06-27,0.51305199544061,0.513368418759912,0.00023377643890316,0.000233480713444228,1.18338386828298,1.18342666254565,0.000343894345032851,0.000343481532013944,0.47,0.955,200
"CMU-TimeSeries",2026-07-04,0.58998300342708,0.590337798804585,0.000265414252683503,0.000265077334957263,1.17544054941138,1.17549286830891,0.000412983111681734,0.000412470343894271,0.398989898989899,0.898989898989899,198
"CMU-TimeSeries",2026-07-11,0.559278929662044,0.559540820268643,0.000280621920203597,0.00028016606891999,1.14135980968195,1.14143380427563,0.00044244132620868,0.00044173774734342,0.376884422110553,0.92964824120603,199
"CMU-TimeSeries",2026-07-18,0.645773884533235,0.645834371594736,0.000347687827895641,0.00034693942977474,1.08597458583965,1.08606963345113,0.00054501079424645,0.000543879070522059,0.43,0.935,200
"CMU-TimeSeries",2026-07-25,0.720074204281661,0.720105230197926,0.000396343823369279,0.000395421220740566,1.02910732646562,1.02911735000766,0.000642322423539288,0.000640852858575806,0.365,0.92,200
"CMU-TimeSeries",2026-08-01,0.751781591935457,0.751816844326988,0.00045996406554113,0.000458801318333863,0.967769477668302,0.967799071069649,0.000746367791006816,0.00074453686042819,0.32,0.91,200
"CMU-TimeSeries",2026-08-08,0.863051689249535,0.862944328177458,0.000617622479726238,0.00061571255814914,0.9531059531178,0.953080101790673,0.000991392661713363,0.000988384034328482,0.25,0.88,200
"CMU-TimeSeries",2026-08-15,0.877995217373745,0.877685948896313,0.000724858211990134,0.000722010928744216,0.91933903285497,0.91928598943174,0.00116326423424009,0.00115881013702847,0.32,0.88,200
"CMU-TimeSeries",2026-08-22,0.932461156259852,0.93197395800182,0.000973728532037482,0.000968467210023002,0.912122935656848,0.912012270667118,0.00154353263734508,0.00153561661371504,0.275,0.845,200
"CMU-TimeSeries",2026-08-29,0.837229895368904,0.836710241435074,0.000995275674565202,0.000988681388086633,0.845291375441928,0.84514545072666,0.00160572664512602,0.00159567597244052,0.33,0.9,200
"CMU-TimeSeries",2026-09-05,0.759248229267568,0.758580918620546,0.000767370913555536,0.000762487430241438,0.783827715849149,0.783418861210726,0.00130296003840322,0.0012948438946871,0.45,0.975,200
"CMU-TimeSeries",2026-09-12,0.901120264716736,0.89873987761916,0.000813827509336953,0.000807784607227355,0.984015993059859,0.981442282470026,0.00132432598059722,0.00131453674826532,0.495,0.975,200
"CMU-TimeSeries",2026-09-19,1.01254926061646,1.01057684259805,0.0010010047216129,0.000992563050553396,1.1290603269652,1.12721753735509,0.00151117481260954,0.0014986322342456,0.47,0.935,200
"CMU-TimeSeries",2026-09-26,0.947914762404118,0.946626008970232,0.000999438460053533,0.000990960881898982,1.1049015600107,1.10403680622369,0.00145455505446034,0.00144250709603991,0.515,0.95,200
"CMU-TimeSeries",2026-10-03,0.78525959091288,0.784789359229866,0.000685411403805888,0.000681047931323227,0.959750014186051,0.959886239819267,0.000989124415862733,0.000983213647083809,0.605,0.97,200
"CovidHub-baseline",2025-06-21,1,1,0.0005277274,0.00052595228996418,1,1,0.000576,0.000573922884114963,0.86,1,50
"CovidHub-baseline",2025-06-28,1,1,0.000642949769821589,0.000640493305207441,1,1,0.000717,0.000714033913084893,0.9,1,100
"CovidHub-baseline",2025-07-05,1,1,0.000751392017179404,0.000748293253200759,1,1,0.000918665959992933,0.000914509765999233,0.926666666666667,1,150
"CovidHub-baseline",2025-07-12,1,1,0.000974826709815152,0.000969163872100557,1,1,0.00126749953249533,0.00125932465410459,0.855,0.99,200
"CovidHub-baseline",2025-07-19,1,1,0.0010652167815643,0.00105886978899552,1,1,0.00160699962124621,0.00159691068919198,0.81,1,200
"CovidHub-baseline",2025-07-26,1,1,0.00132195543843159,0.00131162259642257,1,1,0.0021344991099911,0.00211814192297716,0.695,0.985,200
"CovidHub-baseline",2025-08-02,1,1,0.00168190370860134,0.00166841735271358,1,1,0.00288799920499205,0.00286527149814112,0.48,0.99,200
"CovidHub-baseline",2025-08-09,1,1,0.00200907048491004,0.00199062237224395,1,1,0.003493,0.00346177513700266,0.325,0.97,200
"CovidHub-baseline",2025-08-16,1,1,0.00263022887240532,0.00260133732296777,1,1,0.0043655,0.00431921481684965,0.25,0.91,200
"CovidHub-baseline",2025-08-23,1,1,0.00291667840067278,0.00287932685836553,1,1,0.004697,0.0046395085820314,0.285,0.87,200
"CovidHub-baseline",2025-08-30,1,1,0.00303672955868208,0.00299520057045669,1,1,0.00500266659166592,0.00493723366123662,0.226666666666667,0.88,150
"CovidHub-baseline",2025-09-06,1,1,0.00239671812853207,0.00236640563360893,1,1,0.00400533333333333,0.00395548518101859,0.273333333333333,0.953333333333333,150
"CovidHub-baseline",2025-09-13,1,1,0.00252989675217735,0.00249501492142069,1,1,0.0040249999299993,0.00397070699172998,0.4,0.92,100
"CovidHub-baseline",2025-09-20,1,1,0.00241421251032376,0.00238230417465255,1,1,0.00363599964749647,0.00358826430034436,0.42,0.92,100
"CovidHub-baseline",2025-09-27,1,1,0.00260224849199614,0.00257225720477081,1,1,0.00396399963499635,0.00391877789144363,0.36,0.913333333333333,150
"CovidHub-baseline",2025-10-04,1,1,0.00271778921817562,0.00269370028064783,1,1,0.00453799923249232,0.00449884743078349,0.18,0.94,100
"CovidHub-baseline",2025-10-11,1,1,0.00328921876815203,0.00326180994598567,1,1,0.00552399990749907,0.00547956462937796,0.16,0.93,100
"CovidHub-baseline",2025-10-18,1,1,0.00303915640171132,0.00301677936098767,1,1,0.005222,0.00518581996426179,0.24,0.94,50
"CovidHub-baseline",2025-11-22,1,1,0.00059440694834231,0.000592084393043117,1,1,0.000694,0.000691142137252074,0.82,1,50
"CovidHub-baseline",2025-11-29,1,1,0.000834021672681401,0.000830520714821319,1,1,0.001169,0.00116392418744977,0.68,1,100
"CovidHub-baseline",2025-12-06,1,1,0.00103446048698103,0.00102947117998314,1,1,0.00152933330333303,0.00152154356051866,0.686666666666667,0.993333333333333,150
"CovidHub-baseline",2025-12-13,1,1,0.00116347802291174,0.00115758330467797,1,1,0.00178199947749477,0.00177249273367126,0.675,1,200
"CovidHub-baseline",2025-12-20,1,1,0.00174763707434913,0.00173572752886955,1,1,0.00287649906374064,0.00285637210610862,0.455,1,200
"CovidHub-baseline",2025-12-27,1,1,0.00313944715680009,0.0031078845077224,1,1,0.00482449923499235,0.00477788185413757,0.29,0.775,200
"CovidHub-baseline",2026-01-03,1,1,0.00304066593975844,0.00300571555341746,1,1,0.00464449958374584,0.00459390611739044,0.375,0.845,200
"CovidHub-baseline",2026-01-10,1,1,0.00164815564406317,0.00163230433881839,1,1,0.0025155,0.00249074942488085,0.61,0.975,200
"CovidHub-baseline",2026-01-17,1,1,0.00127112332469149,0.00125882649817009,1,1,0.00185949991749917,0.0018409283827072,0.71,1,200
"CovidHub-baseline",2026-01-24,1,1,0.00118307314375911,0.00117126101034435,1,1,0.0016635,0.00164626597410895,0.725,1,200
"CovidHub-baseline",2026-01-31,1,1,0.00113539994721656,0.00112425211577977,1,1,0.00152849965124651,0.00151260422289451,0.77,1,200
"CovidHub-baseline",2026-02-07,1,1,0.00103462324305704,0.00102536326761649,1,1,0.001311,0.001298323905427,0.835,1,200
"CovidHub-baseline",2026-02-14,1,1,0.000975398191496545,0.000967289913637303,1,1,0.001218,0.00120724755852375,0.875,1,200
"CovidHub-baseline",2026-02-21,1,1,0.000949725750806312,0.000942129313656309,1,1,0.001147,0.00113739152251557,0.885,1,200
"CovidHub-baseline",2026-02-28,1,1,0.00115644749611822,0.00114756541554957,1,1,0.0015935,0.00158081491882267,0.71,0.995,200
"CovidHub-baseline",2026-03-07,1,1,0.00120526979797002,0.00119665241988408,1,1,0.0017935,0.0017806907908286,0.73,1,200
"CovidHub-baseline",2026-03-14,1,1,0.00124774997070617,0.00123962122056654,1,1,0.00187549997624976,0.00186371448226982,0.675,1,200
"CovidHub-baseline",2026-03-21,1,1,0.00126116844171837,0.00125392528741783,1,1,0.001924,0.0019135129787733,0.66,1,200
"CovidHub-baseline",2026-03-28,1,1,0.00109600795745472,0.00109038449666306,1,1,0.001597,0.00158936609820777,0.75,1,200
"CovidHub-baseline",2026-04-04,1,1,0.000968161926954737,0.000963739762676167,1,1,0.001299,0.0012936707963559,0.84,1,200
"CovidHub-baseline",2026-04-11,1,1,0.000893780769034995,0.00089014833856627,1,1,0.0011755,0.00117131728759171,0.865,1,200
"CovidHub-baseline",2026-04-18,1,1,0.000822601842596904,0.000819612727901059,1,1,0.001009,0.00100589321960647,0.93,1,200
"CovidHub-baseline",2026-04-25,1,1,0.000801712731584685,0.000799060326735527,1,1,0.0009925,0.000989789723882942,0.91,1,200
"CovidHub-baseline",2026-05-02,1,1,0.000732371616493089,0.000730185108715101,1,1,0.0008485,0.00084659419241857,0.965,1,200
"CovidHub-baseline",2026-05-09,1,1,0.000654267334466464,0.000652483661128278,1,1,0.0006375,0.000636297958598577,1,1,200
"CovidHub-baseline",2026-05-16,1,1,0.000599446612068479,0.000597954449626995,1,1,0.0004725,0.00047178791860267,1,1,200
"CovidHub-baseline",2026-05-23,1,1,0.000565474612868161,0.000564148427818949,1,1,0.0004015,0.000400918666218457,1,1,200
"CovidHub-baseline",2026-05-30,1,1,0.000541010007510825,0.000539788639350142,1,1,0.0003435,0.000343080831993328,1,1,200
"CovidHub-baseline",2026-06-06,1,1,0.0005212586327846,0.000520101039238139,1,1,0.000283000473754738,0.000282666083222495,1,1,200
"CovidHub-baseline",2026-06-13,1,1,0.000503426341493017,0.00050233301276178,1,1,0.000261691696518955,0.000261394796267642,1,1,201
"CovidHub-baseline",2026-06-20,1,1,0.000498350917710727,0.000497294215043352,1,1,0.00030445547896073,0.000304091052931563,0.985148514851485,1,202
"CovidHub-baseline",2026-06-27,1,1,0.000487189033130243,0.000486176725097919,1,1,0.00029507452956303,0.000294668549209583,1,1,203
"CovidHub-baseline",2026-07-04,1,1,0.000487631510053155,0.000486629873567327,1,1,0.0003535,0.00035301144762975,0.995,1,200
"CovidHub-baseline",2026-07-11,1,1,0.00049539009245012,0.000494338367194526,1,1,0.000387999822498225,0.000387343943756925,0.99,1,200
"CovidHub-baseline",2026-07-18,1,1,0.000525501632136452,0.000524305443294494,1,1,0.000491999561245613,0.000490932709880562,0.97,1,200
"CovidHub-baseline",2026-07-25,1,1,0.000558981019332074,0.00055763395905048,1,1,0.00062,0.000618579279935031,0.95,1,200
"CovidHub-baseline",2026-08-01,1,1,0.000598144282940047,0.000596594758387456,1,1,0.000754998897488975,0.000753143823315884,0.925,1,200
"CovidHub-baseline",2026-08-08,1,1,0.000697021934674455,0.000694931763311046,1,1,0.0010235,0.00102043761100851,0.84,1,200
"CovidHub-baseline",2026-08-15,1,1,0.000810520515425317,0.000807586242087091,1,1,0.00124999996624966,0.00124530962414121,0.78,1,200
"CovidHub-baseline",2026-08-22,1,1,0.00102253123674635,0.00101751454325384,1,1,0.001673,0.00166464684604079,0.665,1,200
"CovidHub-baseline",2026-08-29,1,1,0.00114156804587987,0.00113472041830361,1,1,0.001845,0.00183383633230061,0.665,1,200
"CovidHub-baseline",2026-09-05,1,1,0.000994502360167765,0.000988965205576367,1,1,0.001625,0.00161565043451968,0.71,1,200
"CovidHub-baseline",2026-09-12,1,1,0.000932758283004297,0.00092783103112818,1,1,0.0013975,0.0013900492007889,0.735,0.99,200
"CovidHub-baseline",2026-09-19,1,1,0.000933440791567492,0.00092801153899821,1,1,0.001294,0.00128629804907732,0.79,0.995,200
"CovidHub-baseline",2026-09-26,1,1,0.000882411193241041,0.000877170989998833,1,1,0.001127,0.00112003491206253,0.835,0.995,200
"CovidHub-baseline",2026-10-03,1,1,0.000845549051509852,0.000840768240756039,1,1,0.001034,0.0010278277972896,0.85,1,200
"CovidHub-ensemble",2026-01-17,0.815235926069263,0.815251807356244,0.000590684581990623,0.00058511547958394,0.88999610987449,0.890458311479112,0.000920024859691923,0.000911395883523702,0.64,0.98,50
"CovidHub-ensemble",2026-01-24,1.00624996637953,1.00588469893936,0.000871713057592032,0.00086356473092787,1.17432660277104,1.17455102128565,0.00137945006964977,0.00136656814505715,0.47,0.96,100
"CovidHub-ensemble",2026-01-31,0.884530304525087,0.884429013123558,0.000781471656512594,0.000774438503329905,1.05905821981292,1.05980548299627,0.00122086733362098,0.00121002093914738,0.61744966442953,0.979865771812081,149
"CovidHub-ensemble",2026-02-07,0.75272858630395,0.752719079880218,0.000744927528276714,0.000738404290451242,0.898837898166315,0.899701068372897,0.00110814017232004,0.00109871757433002,0.681818181818182,0.994949494949495,198
"CovidHub-ensemble",2026-02-14,0.787062886036871,0.787074791118116,0.00074239796520512,0.000736340901563162,0.960035414914595,0.960841666535842,0.00111642105712404,0.00110768218634132,0.656565656565657,0.994949494949495,198
"CovidHub-ensemble",2026-02-21,0.794471916457688,0.794498301615122,0.000725942200390011,0.000720280883278492,0.93990682632775,0.940676736794722,0.00101967848321662,0.00101223146849922,0.661616161616162,0.98989898989899,198
"CovidHub-ensemble",2026-02-28,0.715522102446413,0.715836117770153,0.000812713108709311,0.000806959382159666,0.781354211376829,0.782097216655145,0.00123389389704869,0.0012254665790896,0.560606060606061,0.96969696969697,198
"CovidHub-ensemble",2026-03-07,0.665972477032567,0.66635749959712,0.000800036777147972,0.000794896206254541,0.712077672261871,0.712605690370277,0.00125339559954247,0.00124555590951094,0.525252525252525,0.97979797979798,198
"CovidHub-ensemble",2026-03-14,0.601126131740424,0.601533029910386,0.000762851591905886,0.00075856843732372,0.622422174758854,0.622854720668713,0.00116270242995387,0.00115642999476173,0.515151515151515,0.964646464646465,198
"CovidHub-ensemble",2026-03-21,0.599752072844257,0.600263314158061,0.000753518352148086,0.000749990986843846,0.602160824596548,0.602628201701365,0.00112015661777046,0.00111509355830503,0.46969696969697,0.863636363636364,198
"CovidHub-ensemble",2026-03-28,0.570522920657869,0.571058635212651,0.000626565858367869,0.000624052326873618,0.604377031004622,0.604851460353725,0.00094215684807122,0.000938516587929867,0.45959595959596,0.883838383838384,198
"CovidHub-ensemble",2026-04-04,0.555956866042993,0.55639934827705,0.00054409423281188,0.000542157785611477,0.65554379866897,0.655902276752895,0.000814443380873677,0.000811676808910144,0.5,0.898989898989899,198
"CovidHub-ensemble",2026-04-11,0.53610733755703,0.536564206904149,0.000469391483066841,0.00046799193809128,0.635441770494396,0.63582408902,0.000709903352569991,0.000707895595860751,0.484848484848485,0.888888888888889,198
"CovidHub-ensemble",2026-04-18,0.453588536687121,0.453970030427858,0.00038279950979657,0.000381810043816988,0.587081744334369,0.58738000566724,0.000581147408422125,0.000579728828292412,0.52020202020202,0.94949494949495,198
"CovidHub-ensemble",2026-04-25,0.521538947065875,0.521957849238594,0.000417981201470852,0.000417032224847487,0.692281784738356,0.692512145354141,0.000636801141813719,0.00063542582685499,0.429292929292929,0.883838383838384,198
"CovidHub-ensemble",2026-05-02,0.506932837381064,0.507389154873346,0.000375075484186611,0.000374381460401292,0.74549451788384,0.745694722082078,0.000580667049181876,0.000579650007378439,0.398989898989899,0.848484848484849,198
"CovidHub-ensemble",2026-05-09,0.44077553310754,0.44119220761726,0.000291831166088517,0.000291380798746314,0.734351635140827,0.734521543107815,0.000440352097757113,0.000439719318290453,0.434343434343434,0.914141414141414,198
"CovidHub-ensemble",2026-05-16,0.431159888123657,0.431555039409409,0.000255694305365574,0.000255351297860369,0.860277177790617,0.860393028183645,0.000388798437188449,0.000388308337703819,0.494949494949495,0.919191919191919,198
"CovidHub-ensemble",2026-05-23,0.437993810214623,0.438358717477469,0.000236415844355074,0.000236106804718314,0.934571690597454,0.93461739391135,0.000359005577110603,0.000358557826176265,0.52020202020202,0.924242424242424,198
"CovidHub-ensemble",2026-05-30,0.408351194499413,0.408721148694453,0.00021737762066498,0.000217127345780754,0.956995973654242,0.957026238209665,0.00033385550142909,0.000333490571327791,0.474747474747475,0.914141414141414,198
"CovidHub-ensemble",2026-06-06,0.376550274365244,0.376881673175262,0.000193377133772836,0.00019315633762745,0.988875665946665,0.988925443987262,0.000291237788505568,0.000290936024622855,0.48989898989899,0.964646464646465,198
"CovidHub-ensemble",2026-06-13,0.382732263042346,0.383084650533548,0.000190446776383342,0.000190243741393933,1.11707382030761,1.11713805892275,0.000292428018082503,0.000292141758278381,0.434343434343434,0.944444444444444,198
"CovidHub-ensemble",2026-06-20,0.421775457347187,0.422157505500578,0.000202574874191415,0.000202366313620588,1.07798358982657,1.07796117092775,0.000300649808623495,0.000300367071492614,0.48989898989899,0.929292929292929,198
"CovidHub-ensemble",2026-06-27,0.467939665115444,0.468201729617664,0.000221015647683768,0.000220727478872892,1.09614595933546,1.09613919305636,0.000328248673040405,0.000327845408952199,0.54,0.955,200
"CovidHub-ensemble",2026-07-04,0.500727058460473,0.501000076955698,0.000231962520734558,0.00023165429957388,0.983223039685339,0.983215933413358,0.000355057897303084,0.000354597410363985,0.515151515151515,0.914141414141414,198
"CovidHub-ensemble",2026-07-11,0.451422205454834,0.451595843563356,0.000228066127614731,0.000227667808803652,0.901914427973856,0.90189553525556,0.000351580681105248,0.000350974769630209,0.542713567839196,0.964824120603015,199
"CovidHub-ensemble",2026-07-18,0.479065134796847,0.479009336802428,0.000260707488550845,0.000260080516827216,0.792873699662928,0.792739916010093,0.000396226265907335,0.000395281101931371,0.585,0.97,200
"CovidHub-ensemble",2026-07-25,0.516435679063733,0.516394776535901,0.000284508906194766,0.000283794659216209,0.743692548396539,0.743545839957972,0.000457524076144536,0.000456347253471376,0.56,0.955,200
"CovidHub-ensemble",2026-08-01,0.510409479388154,0.510334088510609,0.000309053253824263,0.00030819146595136,0.66142404406556,0.661302951118828,0.000503218212810997,0.000501827084241555,0.555,0.97,200
"CovidHub-ensemble",2026-08-08,0.59182353822743,0.591660585618756,0.000422236507065011,0.000420836664334025,0.65789297174612,0.657729712137192,0.000687692183208761,0.000685407608872293,0.49,0.955,200
"CovidHub-ensemble",2026-08-15,0.582284517335556,0.582019647133685,0.000480366344300317,0.000478379483710235,0.618549296787658,0.618414465353632,0.000778528760769699,0.000775332069023818,0.51,0.965,200
"CovidHub-ensemble",2026-08-22,0.653167388599123,0.652745556256976,0.000680186714643043,0.000676375898263691,0.656436840306508,0.656085319222924,0.00111080516196613,0.00110458297055285,0.45,0.95,200
"CovidHub-ensemble",2026-08-29,0.644381382803359,0.643839757363892,0.000748967558928936,0.000743782255331956,0.665476697323309,0.665021809516263,0.00123488943073434,0.0012264283268557,0.44,0.96,200
"CovidHub-ensemble",2026-09-05,0.637622943523019,0.636936664543992,0.00063446846490707,0.000630268510967542,0.645019241090806,0.644602348012153,0.00105420381226525,0.00104740894283284,0.535,1,200
"CovidHub-ensemble",2026-09-12,0.773225182147478,0.771880050305818,0.000719969543290206,0.00071517019635576,0.853474243002986,0.852108220308365,0.00118204285788322,0.00117429562230342,0.55,0.97,200
"CovidHub-ensemble",2026-09-19,0.808745223070349,0.808091040872803,0.000769272322565232,0.000763944738064776,0.908644210078565,0.908367257439008,0.00118836139850469,0.00118051459506647,0.53,0.975,200
"CovidHub-ensemble",2026-09-26,0.763157881289039,0.762682034436706,0.000725626141547377,0.000720545248677736,0.921479024626283,0.921362421660907,0.00110776487245016,0.00110029701646858,0.595,0.975,200
"CovidHub-ensemble",2026-10-03,0.708868791829456,0.708648208938653,0.000639189032886543,0.00063523011989288,0.890066620503103,0.890310449335682,0.000942173352068715,0.000936621031469966,0.63,0.98,200
"UGA_flucast-INFLAenza",2025-06-28,0.601992575334749,0.601808858162009,0.000306845610180665,0.000305586592449797,0.807526928667431,0.80762618536988,0.000461184964036642,0.000459328339299362,0.489795918367347,0.938775510204082,49
"UGA_flucast-INFLAenza",2025-07-05,0.503497493933101,0.503196779037103,0.000380746637595949,0.000378988741672929,0.60245755602444,0.602467935897332,0.000553348706574932,0.000550920730249473,0.612244897959184,0.959183673469388,49
"UGA_flucast-INFLAenza",2025-07-12,0.75706665659262,0.756379331840335,0.000570149290268989,0.000566283185632934,0.907633260484651,0.9076300792557,0.000904206758644505,0.000898097672425095,0.346938775510204,0.897959183673469,98
"UGA_flucast-INFLAenza",2025-07-19,0.735108897730959,0.733963644759592,0.0006881848987013,0.000683099503594835,0.774092297220932,0.773226363808426,0.00108246709873746,0.00107445267154462,0.421768707482993,0.925170068027211,147
"UGA_flucast-INFLAenza",2025-07-26,0.663057493160117,0.661649199529708,0.000736604451056627,0.000729250902613401,0.643194081946088,0.642024448918917,0.00115468931925979,0.00114338716068784,0.517006802721088,0.925170068027211,147
"UGA_flucast-INFLAenza",2025-08-02,0.507551960465454,0.506801753413536,0.000877720357678932,0.000868946691745174,0.498681811577787,0.497867568940608,0.00144254964999248,0.00142800620194847,0.535714285714286,0.979591836734694,196
"UGA_flucast-INFLAenza",2025-08-09,0.496550987519755,0.495802393590672,0.000970189610822983,0.000959219430288362,0.463674534268051,0.46312247021826,0.00156174204437713,0.00154437300572251,0.540816326530612,0.994897959183674,196
"UGA_flucast-INFLAenza",2025-08-16,0.550632847217307,0.550065158826173,0.00134022420611583,0.00132334676589649,0.510775300571711,0.510224980697315,0.00208026991539574,0.00205446943117005,0.525510204081633,0.918367346938776,196
"UGA_flucast-INFLAenza",2025-08-23,0.600817168290159,0.599579458204983,0.00163072177765418,0.00160565009002444,0.597506076105659,0.595915381729537,0.00255845714517227,0.00251920792942443,0.489795918367347,0.933673469387755,196
"UGA_flucast-INFLAenza",2025-08-30,0.663800184967526,0.662129182472334,0.0017927180546241,0.00176235423198732,0.646480137873886,0.644510097365045,0.00285222840956137,0.00280403894129099,0.510204081632653,0.938775510204082,147
"UGA_flucast-INFLAenza",2025-09-06,0.87355796276967,0.873152810347393,0.00179017826817433,0.00176389138144718,0.849352322288522,0.848803256954903,0.00285605095187644,0.00281459635131283,0.36734693877551,0.91156462585034,147
"UGA_flucast-INFLAenza",2025-09-13,0.851543308280383,0.852459386596424,0.00204783880429246,0.00201990217842372,0.860751021541678,0.861527131866924,0.00323546872543325,0.00319181373578669,0.326530612244898,0.846938775510204,98
"UGA_flucast-INFLAenza",2025-09-20,0.58058818672155,0.582275390845426,0.00246553297962319,0.00243501667582861,0.599476624406124,0.601300595431136,0.00376237256195425,0.00371595178795172,0.204081632653061,0.795918367346939,49
"UGA_flucast-INFLAenza",2025-09-27,0.647605443873597,0.648681376489011,0.00161251782997966,0.00159635380007181,0.635563540859597,0.636670615800536,0.0024511854501257,0.00242675540229876,0.397959183673469,0.86734693877551,98
"UGA_flucast-INFLAenza",2025-10-04,0.571412963401636,0.572181481913972,0.00115683835962373,0.0011489503738148,0.546872747612839,0.547530925810641,0.001857675983579,0.00184517308531883,0.26530612244898,0.775510204081633,49
"UGA_flucast-INFLAenza",2025-10-11,0.605058494723655,0.606068475518004,0.00149192153647688,0.00148299636410251,0.558169089169121,0.558927526133404,0.00232903634719346,0.00231522325514842,0.142857142857143,0.795918367346939,49
"UGA_flucast-INFLAenza",2025-10-18,0.590529043355645,0.59166817894138,0.00180047434611122,0.00179054492529722,0.52770604833543,0.528506321602547,0.0027494562069395,0.00273429490362196,0.163265306122449,0.551020408163265,49
"UGA_flucast-INFLAenza",2025-11-22,1.004655062916,1.00435437327472,0.000528503930159001,0.000526217712902184,1.42531578789344,1.42539996069018,0.000840080780259407,0.00083644409891553,0.510204081632653,0.979591836734694,49
"UGA_flucast-INFLAenza",2025-11-29,0.893147085861811,0.892947935079474,0.000698098765587619,0.000694945780535429,1.06630384035033,1.06624810873049,0.00114166196229196,0.00113644387509793,0.357142857142857,0.908163265306122,98
"UGA_flucast-INFLAenza",2025-12-06,0.82832733157062,0.828129990929708,0.000817857479753006,0.000813629991349541,0.923445633772092,0.923539825608283,0.00131414439534508,0.00130735308631963,0.36734693877551,0.897959183673469,147
"UGA_flucast-INFLAenza",2025-12-13,0.764124529034729,0.763824934236308,0.000865708259672142,0.000860891354305639,0.800171761781103,0.8001998831137,0.00136192498653767,0.00135439197677201,0.408163265306122,0.903061224489796,196
"UGA_flucast-INFLAenza",2025-12-20,0.707192485117891,0.706837388788624,0.00122420129231367,0.00121498834628461,0.698714366985783,0.69850007777834,0.00194891188627155,0.00193414387366137,0.362244897959184,0.836734693877551,196
"UGA_flucast-INFLAenza",2025-12-27,0.767020027347353,0.76614723910309,0.00233588986880148,0.00230917716743229,0.731410718283573,0.730657436747192,0.00338155894467396,0.00334450094627922,0.224489795918367,0.719387755102041,196
"UGA_flucast-INFLAenza",2026-01-03,0.862832155676864,0.861693667740514,0.00249632997321802,0.00246347885389057,0.828034609147264,0.827052124691607,0.00357131473668911,0.00352670622648141,0.285714285714286,0.760204081632653,196
"UGA_flucast-INFLAenza",2026-01-10,0.916417016616882,0.916116217324436,0.00145566075627612,0.00144004260189275,0.945187092768558,0.945433405290582,0.00216981939532279,0.00214708264843097,0.520408163265306,0.852040816326531,196
"UGA_flucast-INFLAenza",2026-01-17,0.694595805635239,0.695111508115562,0.000925346058990183,0.000916571440755028,0.70131673241722,0.702218632375265,0.00144101205852785,0.00142759665827521,0.540816326530612,0.974489795918367,196
"UGA_flucast-INFLAenza",2026-01-24,0.826187681736184,0.826244377564871,0.000840594165085196,0.000832550291236688,0.943819403864916,0.94419862591395,0.00130584414029751,0.00129318736401671,0.581632653061224,0.969387755102041,196
"UGA_flucast-INFLAenza",2026-01-31,0.807387116434909,0.807500637099141,0.000792082415575897,0.000784850638044354,0.931974844273398,0.932681165989565,0.00120552465131199,0.00119445551219781,0.653061224489796,0.964285714285714,196
"UGA_flucast-INFLAenza",2026-02-07,0.683254471917037,0.683229645005287,0.000680022507561495,0.000674054684885421,0.820813376278668,0.821427397483908,0.00103474705706299,0.00102573355075428,0.653061224489796,0.989795918367347,196
"UGA_flucast-INFLAenza",2026-02-14,0.751448602705095,0.751543817413766,0.000704070584770757,0.000698435923879031,0.938056700526065,0.938788290392217,0.00109595512015651,0.00108735000041083,0.63265306122449,0.98469387755102,196
"UGA_flucast-INFLAenza",2026-02-21,0.752554268402237,0.752906459413401,0.000675662403864699,0.000670703365441419,0.921978002870615,0.922987451028971,0.00101251520378611,0.00100539714727852,0.586734693877551,0.974489795918367,196
"UGA_flucast-INFLAenza",2026-02-28,0.649639200137745,0.650057794673832,0.0007229072405708,0.000717950241998072,0.723457129333055,0.724165472371418,0.00112576338260549,0.00111809421563416,0.591836734693878,0.964285714285714,196
"UGA_flucast-INFLAenza",2026-03-07,0.665059569825586,0.665500110345791,0.000747191507836272,0.000742525357937185,0.708530713385607,0.709041955131596,0.0011616908056559,0.00115451821865704,0.520408163265306,0.948979591836735,196
"UGA_flucast-INFLAenza",2026-03-14,0.556329393526205,0.556875868695013,0.000656169472694519,0.000652709531012733,0.588394779535942,0.588892021012776,0.00101062440689741,0.00100535788832928,0.5,0.974489795918367,196
"UGA_flucast-INFLAenza",2026-03-21,0.533148536419955,0.533827344788424,0.000637109202885445,0.000634417480273855,0.553566602355133,0.554151317598307,0.00098618024765261,0.000982039121959643,0.51530612244898,0.892857142857143,196
"UGA_flucast-INFLAenza",2026-03-28,0.551781760833802,0.552415280726927,0.000561498381481213,0.000559423086709467,0.618994621485915,0.619544490710853,0.000900072550907185,0.000896757862324551,0.464285714285714,0.908163265306122,196
"UGA_flucast-INFLAenza",2026-04-04,0.543699182007517,0.544235816588848,0.000495662493210726,0.000494042543634487,0.683879561278661,0.684299852369832,0.000795068281710724,0.00079247797752237,0.423469387755102,0.933673469387755,196
"UGA_flucast-INFLAenza",2026-04-11,0.470200671834309,0.470707244999115,0.000391703271995742,0.000390644112580999,0.58549698122556,0.585942008033441,0.000629494206676022,0.0006278344754986,0.505102040816326,0.954081632653061,196
"UGA_flucast-INFLAenza",2026-04-18,0.392614622623652,0.393026174298038,0.000305537236094026,0.000304833078881651,0.516201543367766,0.516551876512328,0.000472463461637759,0.000471416059664919,0.545918367346939,0.989795918367347,196
"UGA_flucast-INFLAenza",2026-04-25,0.434248696706621,0.434707556729263,0.000325235372029409,0.000324603127208018,0.597062642617667,0.597372897135828,0.0005159161389874,0.000514931800393566,0.505102040816326,0.918367346938776,196
"UGA_flucast-INFLAenza",2026-05-02,0.460291411267202,0.460803214301792,0.000319077747306303,0.000318576476317939,0.699657836346368,0.69996161143999,0.000515158516775325,0.000514368365253915,0.397959183673469,0.887755102040816,196
"UGA_flucast-INFLAenza",2026-05-09,0.419730638275389,0.420183290465437,0.000262600957717475,0.000262243908030958,0.730603259061043,0.730826577387068,0.000413759034378881,0.000413209969733583,0.433673469387755,0.908163265306122,196
"UGA_flucast-INFLAenza",2026-05-16,0.448073449347289,0.448514887507532,0.000257608836165945,0.000257284579419296,0.909595071502583,0.90974033804155,0.000402907931356115,0.000402414066608952,0.438775510204082,0.913265306122449,196
"UGA_flucast-INFLAenza",2026-05-23,0.466706667928128,0.4670873670729,0.000250810914739711,0.000250484457809926,1.03567618928527,1.03568859714058,0.000395711556454682,0.000395210472527018,0.448979591836735,0.908163265306122,196
"UGA_flucast-INFLAenza",2026-05-30,0.447419359195432,0.447852184545096,0.000235185081844847,0.00023493330092347,1.05530544934134,1.05534737952121,0.000365503327784381,0.000365111792449245,0.469387755102041,0.862244897959184,196
"UGA_flucast-INFLAenza",2026-06-06,0.399931213483026,0.400352787312518,0.000237601773598124,0.000237358758316453,1.14418190382421,1.14432381002594,0.000387932544668727,0.000387548775890987,0.312925170068027,0.904761904761905,147
"UGA_flucast-INFLAenza",2026-06-13,0.390012060748337,0.390484269774267,0.000265495287002226,0.000265236607935496,1.28796884806612,1.28815202480159,0.000417813483305865,0.000417422417915781,0.306122448979592,0.857142857142857,98
"UGA_flucast-INFLAenza",2026-06-20,0.464501633640369,0.464958517910856,0.000218213302436978,0.00021800984512209,1.22633770003376,1.22632160979865,0.000341853446982516,0.000341542062473393,0.424242424242424,0.878787878787879,99
"UGA_flucast-INFLAenza",2026-06-27,0.460374234841652,0.460580730749451,0.000171254186627461,0.000171043083852245,1.05915238505868,1.05906675404143,0.000267740606464572,0.000267409588161181,0.54,0.93,100
"UGA_flucast-INFLAenza",2026-07-04,0.44282396135392,0.443018280856616,0.000187181601561383,0.000186927571744212,0.818981497783542,0.818892671643463,0.000276795388884061,0.000276421399002483,0.63265306122449,0.897959183673469,147
"UGA_flucast-INFLAenza",2026-07-11,0.461112710234784,0.461322330596875,0.000210973112948695,0.000210668492279937,0.897725784270543,0.89773041054301,0.000324519350727268,0.000324043694951474,0.545918367346939,0.923469387755102,196
"UGA_flucast-INFLAenza",2026-07-18,0.479171833977435,0.479096329541315,0.000238009762359867,0.000237465197255207,0.807863025691698,0.807755342370441,0.000372679008236621,0.000371868753854603,0.561224489795918,0.959183673469388,196
"UGA_flucast-INFLAenza",2026-07-25,0.464572311255841,0.464521106495253,0.000250727068489512,0.000250124731215528,0.655341554488267,0.655206538266111,0.000396917874790534,0.000395950341776912,0.581632653061224,0.974489795918367,196
"UGA_flucast-INFLAenza",2026-08-01,0.432614092422247,0.432493088495199,0.000251864939580922,0.000251164850760924,0.518423574209237,0.518297143264394,0.000382421398847652,0.000381389779679091,0.612244897959184,0.994897959183674,196
"UGA_flucast-INFLAenza",2026-08-08,0.503089375759842,0.502964155767428,0.000343144556085612,0.00034203694992983,0.537762042624518,0.537613578054554,0.000539134885404957,0.000537341630759601,0.591836734693878,0.938775510204082,196
"UGA_flucast-INFLAenza",2026-08-15,0.511370545780491,0.511060244847384,0.000402761941341795,0.000401043004482532,0.527425737408162,0.527262226463001,0.00063584659321535,0.000633185436885871,0.576530612244898,0.964285714285714,196
"UGA_flucast-INFLAenza",2026-08-22,0.521037892404989,0.520688970279491,0.000580448478747009,0.000577210394439858,0.518086746781943,0.517665709027832,0.000928382713828474,0.000923010420792107,0.517006802721088,0.938775510204082,147
"UGA_flucast-INFLAenza",2026-08-29,0.548777531922911,0.548199305377012,0.000612207150588517,0.000607899936903049,0.556273689498914,0.55562774218848,0.000984738686131658,0.000977585996273161,0.537414965986395,0.979591836734694,147
"UGA_flucast-INFLAenza",2026-09-05,0.558711621610293,0.558157722638291,0.000504111693918048,0.000500810748024945,0.569454407082307,0.569025021844894,0.000837023964806367,0.000831498648367199,0.537414965986395,1,147
"UGA_flucast-INFLAenza",2026-09-12,0.668598066161537,0.668291118986536,0.00067824420899959,0.000673943909637974,0.726193887436619,0.726074982167213,0.00106625857785014,0.00105981417792629,0.5,0.938775510204082,98
"UGA_flucast-INFLAenza",2026-09-19,0.817281247322836,0.817195201472539,0.000789305108983894,0.00078447157757581,0.939346983144878,0.939479293180249,0.00123812325561384,0.00123057083547527,0.401360544217687,0.904761904761905,147
"UGA_flucast-INFLAenza",2026-09-26,0.883402421711892,0.883600090440685,0.000716580408778867,0.000712572880988458,1.08978686424731,1.09053138416299,0.00111741270327964,0.0011112797771736,0.380952380952381,0.877551020408163,147
"UGA_flucast-INFLAenza",2026-10-03,1.00417697339018,1.00445280283305,0.000696685059894034,0.000693234105717109,1.32444270641968,1.32538204176223,0.00108347653603681,0.00107824292029337,0.340136054421769,0.836734693877551,147
