"model_id","horizon","wis_scaled_relative_skill","wis_scaled_relative_skill__log","wis","wis__log","ae_median_scaled_relative_skill","ae_median_scaled_relative_skill__log","ae_median","ae_median__log","interval_coverage_50","interval_coverage_95","n"
"CADPH-CovidCAT_Ensemble",0,0.812104005362931,0.621917561175941,143.255595755296,0.16116460369412,1.00222461611115,0.853327892808594,189.512200836803,0.211282956619587,0.25,0.5,4
"CADPH-CovidCAT_Ensemble",1,0.788411478616661,0.565538353265296,220.063612711387,0.240412718481784,1.14985143961645,0.961330945851558,309.233935203446,0.336813502198803,0.333333333333333,0.333333333333333,3
"CADPH-CovidCAT_Ensemble",2,0.847583299860397,0.541864988868677,265.087390518679,0.294273589225659,1.63966991662988,1.3213257176036,421.923327519451,0.468197692875658,0,0.5,2
"CADPH-CovidCAT_Ensemble",3,0.301067115853044,0.199499395542215,54.4567993850258,0.0802970537736229,0.782215594183,0.617956099673097,75.44324054736,0.108458316077211,1,1,1
"CEPH-Rtrend_covid",0,0.758950180021797,0.695462968284553,10.8427968227425,0.250670331857719,0.970641906220655,0.94274122841347,15.1201923076923,0.334310720861243,0.326923076923077,0.639423076923077,208
"CEPH-Rtrend_covid",1,0.64613702869933,0.546817729070143,14.5096544035674,0.272264252729859,1.03202102844234,0.961977969911252,21.8525641025641,0.39090853867088,0.41025641025641,0.75,156
"CEPH-Rtrend_covid",2,0.622634068826251,0.509274027433315,17.7163670568562,0.319030903555336,1.15206323338173,1.12232377500657,27.6826923076923,0.483996402460967,0.375,0.826923076923077,104
"CEPH-Rtrend_covid",3,0.539025935087793,0.457536785505447,18.0621822742475,0.358696280667755,1.16808592447544,1.05448190923639,28.0576923076923,0.523842173600589,0.480769230769231,0.807692307692308,52
"CFA-PyRenew_H",0,0.746213873955351,0.609461323905184,10.2433574026712,0.232662740857506,1.02284850860398,1.00159343164779,15.3660130718954,0.378872064026343,0.490196078431373,0.96078431372549,153
"CFA-PyRenew_H",1,0.807122094390512,0.589172692460626,16.0280606351236,0.272069321504279,1.31057319332466,1.11301476535263,24.7647058823529,0.421194835976988,0.558823529411765,0.980392156862745,102
"CFA-PyRenew_H",2,1.07011210513603,0.612276274983493,26.9126282182438,0.337487349967615,1.90198483139675,1.3897431400195,40.9019607843137,0.522011653255594,0.588235294117647,0.96078431372549,51
"CFA-PyRenew_HE",0,1.05512085249074,0.529211375862761,15.004111964018,0.189135946376086,1.50157569656832,0.855991619676621,23.5275862068966,0.302972791031455,0.427586206896552,0.903448275862069,145
"CFA-PyRenew_HE",1,1.06044776753146,0.495527925667904,21.3379022871377,0.217051974485737,1.63893820338803,0.926384122628627,31.453125,0.336996113041004,0.458333333333333,0.927083333333333,96
"CFA-PyRenew_HE",2,1.06336835929639,0.417094386920254,27.4600941258094,0.217454518580446,1.81340095103412,0.943753984626186,40.2872340425532,0.338867906412672,0.48936170212766,0.936170212765957,47
"CFA_Pyrenew-Pyrenew_HE_COVID",0,0.736100373401724,0.452666415514042,13.3194237318841,0.158910342414243,1.20296094696241,0.783169179958072,21.5,0.249869976353072,0.520833333333333,0.958333333333333,48
"CFA_Pyrenew-Pyrenew_HE_COVID",1,0.691619403837757,0.389385442622089,19.3683999094203,0.215042999438414,1.23876190167544,0.782571061476352,30.8854166666667,0.338509984721559,0.354166666666667,0.875,48
"CFA_Pyrenew-Pyrenew_HE_COVID",2,0.846218540481609,0.424953724710898,26.3199188405797,0.284650119724147,1.5782086039028,0.970406279804549,40.7291666666667,0.446576767927207,0.375,0.833333333333333,48
"CFA_Pyrenew-Pyrenew_H_COVID",0,0.683668048871504,0.583996190016198,11.1273749786871,0.191807281627439,0.996474240208209,1.00399934687882,16.2058823529412,0.304846644010559,0.627450980392157,0.96078431372549,51
"CFA_Pyrenew-Pyrenew_H_COVID",1,0.723295960538029,0.554195439923092,19.1771921994885,0.314067563899338,1.21157800409697,1.09956349887312,28.7254901960784,0.493000080898025,0.509803921568627,0.96078431372549,51
"CFA_Pyrenew-Pyrenew_H_COVID",2,0.801295231417286,0.551859541272715,25.667086743393,0.394401053819034,1.41770021449024,1.2538849230702,36.9509803921569,0.608715347493953,0.588235294117647,0.96078431372549,51
"CMU-TimeSeries",0,0.648809223276714,0.527091926498821,9.39183609062869,0.189127903163093,0.873265803611904,0.80755666630312,13.6645894734584,0.284838958353263,0.447115384615385,0.918269230769231,208
"CMU-TimeSeries",1,0.676883689403901,0.449199595363758,15.2088106587405,0.220594003540524,1.06016779426014,0.827472191717854,22.6234616996881,0.335997793483545,0.429487179487179,0.916666666666667,156
"CMU-TimeSeries",2,0.73601533147302,0.403592425881931,20.8203289702035,0.251788437624567,1.31189948723042,0.915150620782388,31.4049726359394,0.395288632632744,0.326923076923077,0.913461538461538,104
"CMU-TimeSeries",3,0.731136277110185,0.360374804842265,25.2712704584285,0.279151334933788,1.53879058174494,0.858826901811561,38.2328362221351,0.426034130965354,0.307692307692308,0.923076923076923,52
"CMU-TimeSeries_Cal",0,0.709324199367683,0.521027968983238,9.86543315867174,0.19351705566702,1.03822576115828,0.829108950667206,15.7041142092119,0.305065822990176,0.461538461538462,0.932692307692308,104
"CMU-TimeSeries_Cal",1,0.92932198551589,0.481776886964203,19.2240069265707,0.196176465845816,1.67610270834061,0.963931293662908,33.3722824022144,0.313381350648886,0.442307692307692,0.923076923076923,52
"CovidHub-baseline",0,1,1,14.7602899670612,0.363776373878946,1,1,15.6826923076923,0.353038555846783,0.860576923076923,1,208
"CovidHub-baseline",1,1,1,22.841145320565,0.493609510788781,1,1,21.1410256410256,0.402212636803947,0.935897435897436,1,156
"CovidHub-baseline",2,1,1,29.0902836263074,0.620467699216428,1,1,23.9230769230769,0.433704874399633,0.961538461538462,1,104
"CovidHub-baseline",3,1,1,33.3158254664683,0.714286353503523,1,1,24.0769063459865,0.499931454284805,0.980769230769231,1,52
"CovidHub-ensemble",0,0.62026876555706,0.502919814657138,8.93982775133528,0.180567670665022,0.865330927039067,0.803236326166794,13.5880591334935,0.285604043937497,0.456730769230769,0.9375,208
"CovidHub-ensemble",1,0.541848381648961,0.421797670669771,12.1109000142938,0.20569342780456,0.874737414550856,0.800082728930667,18.4785123647482,0.321922392312502,0.506410256410256,0.935897435897436,156
"CovidHub-ensemble",2,0.528589878920756,0.366747418799956,14.8597958282472,0.225314475570564,1.00779595290291,0.85654402734722,23.9968853397528,0.363843706791652,0.509615384615385,0.961538461538462,104
"CovidHub-ensemble",3,0.440746943895375,0.323737973687194,14.8036553577825,0.248297265962881,0.964369021771379,0.78746973326256,23.5665996229329,0.393280538012315,0.576923076923077,0.923076923076923,52
"Google_SAI-Ensemble",0,0.693542690878294,0.541110946837154,10.1965689521786,0.193887856536838,1.02557655187042,0.8713261917749,16.3479166666667,0.307296116656989,0.394230769230769,0.951923076923077,208
"Google_SAI-Ensemble",1,0.572241468691869,0.455085667297115,12.9919106300322,0.221429615780434,0.931921392923839,0.868226552558686,20.052849002849,0.349069848328831,0.455128205128205,0.961538461538462,156
"Google_SAI-Ensemble",2,0.525454715254423,0.394961111263053,15.1451299772389,0.240410573941444,0.917662209696713,0.880161306114104,22.6233974358974,0.376591563999822,0.519230769230769,0.951923076923077,104
"Google_SAI-Ensemble",3,0.464972170729799,0.360534606558872,14.7219919314381,0.25810681105222,1.00435287760718,0.858205668103683,22.9764957264957,0.394048444949864,0.615384615384615,0.942307692307692,52
"NEU_ISI-AdaptiveEnsemble",0,0.937898875057391,0.682170062107033,12.4400929535232,0.228539205723285,1.16487002451162,0.937562880858437,16.7103448275862,0.307989582163267,0.331034482758621,0.613793103448276,145
"NEU_ISI-AdaptiveEnsemble",1,0.807996267967625,0.617334478484299,16.9599138638228,0.282019811757553,1.06876660387973,0.98972986868376,21.1792452830189,0.372964780281229,0.264150943396226,0.584905660377358,106
"NEU_ISI-AdaptiveEnsemble",2,0.840137081725832,0.539468268665044,22.439228413962,0.301200201669491,1.27066657039126,1.02078816504252,28.7464788732394,0.397790592482897,0.23943661971831,0.591549295774648,71
"NEU_ISI-AdaptiveEnsemble",3,0.776827106143261,0.517577796118839,24.8940821256039,0.30748353315784,1.35292810774488,1.11067463678958,31.8055555555556,0.416530277841959,0.25,0.666666666666667,36
"OHT_JHU-nbxd",0,1.02966619488695,0.827498459464712,15.4400814172241,0.295931172674752,1.26117477848464,1.07419097055001,20.3884615384615,0.375398977770972,0.144230769230769,0.447115384615385,208
"OHT_JHU-nbxd",1,0.856052940059329,0.71467612711524,19.0212698996656,0.339773507194786,1.16296533067931,1.10237405348394,24.5120512820513,0.43189403833333,0.230769230769231,0.480769230769231,156
"OHT_JHU-nbxd",2,0.744165630960104,0.642371571360038,21.0824453595318,0.384688472436857,1.1657650504339,1.20365125030183,27.9999038461538,0.500311910185862,0.153846153846154,0.509615384615385,104
"OHT_JHU-nbxd",3,0.686780157076119,0.594952844375805,20.8716491638796,0.404146561896414,1.23046172400903,1.20316062496527,27.3386538461538,0.528272764115074,0.211538461538462,0.442307692307692,52
"UGA_flucast-INFLAenza",0,0.643099506014375,0.504191773775783,9.07979708751393,0.19160739944816,0.955805661599352,0.82480339098752,14.6858974358974,0.30523510251269,0.423076923076923,0.903846153846154,156
"UGA_flucast-INFLAenza",1,0.544714148370406,0.463709755083907,11.008164569398,0.217599241400279,0.900810699908657,0.915439400204826,17.1730769230769,0.349277622714487,0.442307692307692,0.894230769230769,104
"UGA_flucast-INFLAenza",2,0.440183019147942,0.393168338860666,11.9816242056856,0.241715596966758,0.669625604526127,0.769487917114822,17.1057692307692,0.356456114955187,0.480769230769231,0.865384615384615,52
"UMass-ar6_pooled",0,0.722566538419041,0.584106153849299,10.3660301341791,0.208835459465073,0.945531363389947,0.921312031678422,14.6984876024898,0.325817803088463,0.548076923076923,0.961538461538462,208
"UMass-ar6_pooled",1,0.646112759205979,0.484601093193371,14.4650368115438,0.237064806019526,0.990114921862849,0.887909222061412,20.9890283374632,0.360969423503741,0.608974358974359,0.955128205128205,156
"UMass-ar6_pooled",2,0.62954867971569,0.429572645878257,17.800211954804,0.267108265803785,1.13392941191732,0.954849386188092,26.9872178645761,0.410635688606318,0.663461538461538,0.980769230769231,104
"UMass-ar6_pooled",3,0.525926379123696,0.371301947689337,18.8734790724736,0.306578685741854,0.867025288745512,0.702501241126442,26.6961658362623,0.447325627068117,0.692307692307692,0.980769230769231,52
"UMass-gbqr",0,0.685550499729327,0.540911378170895,10.3861985897829,0.192179527686101,0.93398212075175,0.858814278727863,15.4498251291392,0.30089012343761,0.455128205128205,0.91025641025641,156
"UMass-gbqr",1,0.590623341786172,0.474464722454493,13.6050635248055,0.251815147481971,0.915706433169568,0.901574630678506,19.9327703245315,0.399114636116498,0.442307692307692,0.875,104
"UMass-gbqr",2,0.586417345707992,0.403982152528427,16.5001692122183,0.249604299942978,1.0999363957486,0.940106789490465,26.2488895293478,0.402447512367784,0.5,0.961538461538462,104
"UMass-gbqr",3,0.468667890014366,0.328376540976255,16.3646665768637,0.261181127993589,0.769791170813679,0.657371675262805,23.9824677290321,0.419459103561925,0.461538461538462,0.923076923076923,52
"ZJU_LeiLab-MPUDE_ens",0,0.741668737438666,0.531087454246236,10.4031131828317,0.20268394922202,1.07667512210795,0.868257467057692,16.3453846153846,0.323817292065538,0.506410256410256,0.974358974358974,156
"ZJU_LeiLab-MPUDE_ens",1,0.648443733852285,0.477693067412419,13.0678399665552,0.222860748331151,1.08082017992902,0.951777063045709,20.5565384615385,0.362448826774276,0.519230769230769,0.980769230769231,104
"ZJU_LeiLab-MPUDE_ens",2,0.597010691799032,0.402935008613115,15.5603361204013,0.233500067194177,1.09753239202324,0.95320999411617,24.245,0.371841033164694,0.519230769230769,0.980769230769231,52
"docxology-analog",0,0.633825066656787,0.552661364140884,9.91552182822417,0.206507351430393,0.870930552484005,0.894709555581237,14.9464479927071,0.330196894279975,0.403846153846154,0.923076923076923,52
