"model_id","location","wis_scaled_relative_skill","wis","ae_median_scaled_relative_skill","ae_median","interval_coverage_50","interval_coverage_95","n"
"CEPH-Rtrend_covid","01",2.84736346174056,22.3686956521739,3.86567824916378,36.3333333333333,0.333333333333333,1,16
"CEPH-Rtrend_covid","02",0.861741878143189,2.89739130434783,0.748376516769775,4,0.333333333333333,1,16
"CEPH-Rtrend_covid","04",1.54824782153817,264.062898550725,1.80095009113461,410,0,0.666666666666667,16
"CEPH-Rtrend_covid","05",1.12181914062105,39.2460869565217,1.26819417224513,61.3333333333333,0.333333333333333,0.666666666666667,16
"CEPH-Rtrend_covid","06",1.34682974322421,70.7166666666667,1.24208860737725,91.6666666666667,1,1,16
"CEPH-Rtrend_covid","08",1.4679180017652,31.3472463768116,1.94211980300776,57.6666666666667,0,1,16
"CEPH-Rtrend_covid","09",0.728131634086893,39.1336231884058,0.873031749613141,60,0.333333333333333,0.666666666666667,16
"CEPH-Rtrend_covid","10",1.02125279948312,26.2991304347826,1.0987277994076,33.6666666666667,0,0.333333333333333,16
"CEPH-Rtrend_covid","11",1.09607360048527,2.9704347826087,Inf,4.66666666666667,0.666666666666667,1,16
"CEPH-Rtrend_covid","12",0.735285496679789,56.4566666666667,0.796262594860118,79,0.666666666666667,1,16
"CEPH-Rtrend_covid","13",0.986363405281019,33.9939130434783,1.04094491645234,53.3333333333333,0.333333333333333,1,16
"CEPH-Rtrend_covid","15",0.855748812338328,4.48043478260869,0.832635685534066,6.66666666666667,0.333333333333333,0.666666666666667,16
"CEPH-Rtrend_covid","16",2.06305464873928,8.91086956521739,2.59931853947345,15.3333333333333,0.666666666666667,1,16
"CEPH-Rtrend_covid","17",1.14255566812385,182.633623188406,1.29439163281326,269.666666666667,0,0.333333333333333,16
"CEPH-Rtrend_covid","18",1.40259443081339,82.3504347826087,1.48499394057848,135.666666666667,0,0.666666666666667,16
"CEPH-Rtrend_covid","19",1.06619038374053,23.6105797101449,1.10347971181055,36,0,0.666666666666667,16
"CEPH-Rtrend_covid","20",1.46373462386466,36.7965217391304,1.48543037102893,62.3333333333333,0,0.666666666666667,16
"CEPH-Rtrend_covid","21",1.18835305042082,138.288405797101,1.24476985291759,178,0,0,16
"CEPH-Rtrend_covid","22",0.954202668703486,13.4997101449275,0.876741940856895,18.6666666666667,0.666666666666667,1,16
"CEPH-Rtrend_covid","23",0.831314369850687,23.6802898550725,0.866463877263893,31.3333333333333,0.333333333333333,0.666666666666667,16
"CEPH-Rtrend_covid","24",0.793035815202773,77.3820289855072,0.940473311892498,107,0,0.666666666666667,16
"CEPH-Rtrend_covid","25",1.08913030349034,106.790289855072,1.2323686969463,160,0.333333333333333,0.666666666666667,16
"CEPH-Rtrend_covid","26",1.82496394147018,136.775217391304,2.00518425743145,227.333333333333,0,0.666666666666667,16
"CEPH-Rtrend_covid","27",0.801932347317208,62.1923188405797,0.740836753107141,88,0.333333333333333,0.666666666666667,16
"CEPH-Rtrend_covid","28",0.9701883255394,26.3020289855072,1.05430088482447,38.6666666666667,0.333333333333333,0.666666666666667,16
"CEPH-Rtrend_covid","29",1.38232252024923,122.010724637681,1.47101826624149,179,0,0.333333333333333,16
"CEPH-Rtrend_covid","30",1.26798370380525,4.35057971014493,1.9121548608139,6,0.666666666666667,1,16
"CEPH-Rtrend_covid","31",1.82719965189639,7.35826086956522,2.59360705954843,9,1,1,16
"CEPH-Rtrend_covid","32",0.61633897627429,6.33536231884058,0.659977386480532,11,0.666666666666667,1,16
"CEPH-Rtrend_covid","33",1.06617966618396,96.495652173913,1.04926838801539,109.666666666667,0,0.333333333333333,16
"CEPH-Rtrend_covid","34",0.914709144129082,100.604637681159,1.09393172604333,162.666666666667,0.333333333333333,1,16
"CEPH-Rtrend_covid","35",0.941700270065478,13.2282608695652,0.927272004654021,21.3333333333333,0.666666666666667,1,16
"CEPH-Rtrend_covid","36",0.768291256145164,99.7046376811594,0.94529781923116,165.333333333333,0.333333333333333,1,16
"CEPH-Rtrend_covid","37",1.02626079968163,65.6746376811594,1.23724068486196,108.333333333333,0.333333333333333,1,16
"CEPH-Rtrend_covid","38",1.7022900355573,5.65594202898551,1.60475950806754,9,0.666666666666667,1,16
"CEPH-Rtrend_covid","39",1.10119048075211,335.509275362319,1.24328901159167,464.333333333333,0,0.333333333333333,16
"CEPH-Rtrend_covid","40",1.00265445556895,62.2610144927536,1.13354489208221,93.3333333333333,0,0.666666666666667,16
"CEPH-Rtrend_covid","41",1.06302077515715,25.2226086956522,1.37079982985549,40.6666666666667,0,0.666666666666667,16
"CEPH-Rtrend_covid","42",1.06481396118234,125.288260869565,0.741775995602944,186.333333333333,0.666666666666667,1,16
"CEPH-Rtrend_covid","44",0.96029340919883,15.254347826087,1.04280536853185,21.6666666666667,0.333333333333333,0.666666666666667,16
"CEPH-Rtrend_covid","45",1.06599232170847,27.2021739130435,1.27296004874848,47.3333333333333,0.333333333333333,1,16
"CEPH-Rtrend_covid","46",0.724810837802779,6.6595652173913,0.746991863729199,10.3333333333333,0.333333333333333,1,16
"CEPH-Rtrend_covid","47",0.987922335845534,54.4844927536232,0.971382013020434,74.6666666666667,0.333333333333333,0.666666666666667,16
"CEPH-Rtrend_covid","48",1.31564330035042,77.6559420289855,1.4943482045153,131,0.333333333333333,1,16
"CEPH-Rtrend_covid","49",1.60869128124348,13.0673913043478,1.53794941367277,22,0,0.666666666666667,16
"CEPH-Rtrend_covid","50",1.53941259861432,5.87710144927536,1.70257943206144,9.66666666666667,0.666666666666667,1,16
"CEPH-Rtrend_covid","51",0.973204330596692,77.6255072463768,1.15078540890634,117,0.333333333333333,0.333333333333333,16
"CEPH-Rtrend_covid","53",1.10201517461319,21.1188405797101,1.21524519887239,35.6666666666667,0.333333333333333,1,16
"CEPH-Rtrend_covid","54",1.04365945161874,17.3089855072464,1.37499356531459,27.3333333333333,0.333333333333333,1,16
"CEPH-Rtrend_covid","55",1.13505439554229,75.4804347826087,1.19588585951095,113,0.333333333333333,0.333333333333333,16
"CEPH-Rtrend_covid","56",0.869024723131409,18.683768115942,1.01729718448444,32,0,1,16
"CEPH-Rtrend_covid","72",1.19025600764805,114.65768115942,1.07598886930979,127.666666666667,0,0.333333333333333,16
"CFA_Pyrenew-Pyrenew_H_COVID","02",1.07357008339143,4.11217391304348,1.23729331608142,7,0,1,9
"CFA_Pyrenew-Pyrenew_H_COVID","04",1.26213408885369,168.670932608696,1.48671465914318,249,0,0,9
"CFA_Pyrenew-Pyrenew_H_COVID","06",1.42609989550863,62.3479673913044,1.72460212699532,115,0,1,9
"CFA_Pyrenew-Pyrenew_H_COVID","08",1.3265393462278,14.0418195652174,Inf,4,1,1,9
"CFA_Pyrenew-Pyrenew_H_COVID","11",0.953860884857688,1.98309782608696,0,0,1,1,9
"CFA_Pyrenew-Pyrenew_H_COVID","12",1.6796826877762,72.785747826087,3.31373072982636,130,0,1,9
"CFA_Pyrenew-Pyrenew_H_COVID","13",2.46533244182436,77.1975065217391,2.83573192487656,124,0,1,9
"CFA_Pyrenew-Pyrenew_H_COVID","15",1.7311752839165,8.50173913043478,1.56299357302118,12,0,0,9
"CFA_Pyrenew-Pyrenew_H_COVID","16",1.70306963143131,4.25332391304348,1.72863250442774,5,1,1,9
"CFA_Pyrenew-Pyrenew_H_COVID","17",2.46808410020056,421.059460869565,2.90465710084836,568,0,0,9
"CFA_Pyrenew-Pyrenew_H_COVID","18",2.34490752481818,142.590732608696,2.94237089012925,234.5,0,1,9
"CFA_Pyrenew-Pyrenew_H_COVID","20",1.95883985513399,55.2657239130435,1.94310717922721,92,0,1,9
"CFA_Pyrenew-Pyrenew_H_COVID","21",2.03871436460868,264.874141304348,2.05940782339147,340.5,0,0,9
"CFA_Pyrenew-Pyrenew_H_COVID","22",2.14141664022312,20.7850717391304,2.57336539080212,37,0,1,9
"CFA_Pyrenew-Pyrenew_H_COVID","24",2.40314763008337,138.852332608696,2.65787939858492,213,0,0,9
"CFA_Pyrenew-Pyrenew_H_COVID","25",2.18807390458497,82.2258673913043,3.62567049862726,151,0,1,9
"CFA_Pyrenew-Pyrenew_H_COVID","26",2.56608906480321,154.883110869565,3.6444322345575,284,0,1,9
"CFA_Pyrenew-Pyrenew_H_COVID","27",2.26833235912533,116.2826,2.58043807206072,203,0,1,9
"CFA_Pyrenew-Pyrenew_H_COVID","28",2.2197937243123,49.876402173913,2.91197527386454,83.5,0,1,9
"CFA_Pyrenew-Pyrenew_H_COVID","32",1.04093912952191,6.01354130434783,0.902592776910708,6,1,1,9
"CFA_Pyrenew-Pyrenew_H_COVID","34",2.76450319821456,319.565032608696,3.08360758342111,436,0,0,9
"CFA_Pyrenew-Pyrenew_H_COVID","35",1.74091020087115,20.6541934782609,1.95830773225605,36,0,1,9
"CFA_Pyrenew-Pyrenew_H_COVID","36",1.62658864733694,159.882065217391,2.25837421668505,271,0,1,9
"CFA_Pyrenew-Pyrenew_H_COVID","39",2.55830780920609,739.467376086956,3.53041740779374,986,0,0,9
"CFA_Pyrenew-Pyrenew_H_COVID","40",1.41646702183675,115.270289130435,1.49480783795437,157,0,0,9
"CFA_Pyrenew-Pyrenew_H_COVID","41",2.33554986766232,51.2224630434783,2.65083939952417,77,0,0,9
"CFA_Pyrenew-Pyrenew_H_COVID","42",2.04457429412279,138.695506521739,1.13901785725567,124,1,1,9
"CFA_Pyrenew-Pyrenew_H_COVID","45",2.22067168352983,58.8718652173913,2.51109894759298,96,0,1,9
"CFA_Pyrenew-Pyrenew_H_COVID","46",1.04907184166409,13.6934869565217,1.13717742986088,24,0,1,9
"CFA_Pyrenew-Pyrenew_H_COVID","47",2.20564569156666,92.1364282608696,2.37294647815223,161,0,1,9
"CFA_Pyrenew-Pyrenew_H_COVID","49",2.0014478454199,16.01115,1.88647615457209,28,0,1,9
"CFA_Pyrenew-Pyrenew_H_COVID","51",2.11318039468814,217.03912826087,2.34281247836892,312,0,0,9
"CFA_Pyrenew-Pyrenew_H_COVID","53",2.66795975140092,53.8612391304348,2.61177284262057,85,0,1,9
"CFA_Pyrenew-Pyrenew_H_COVID","54",1.32256571513233,18.1035217391304,1.3371236250538,23,1,1,9
"CFA_Pyrenew-Pyrenew_H_COVID","55",2.19408656308853,156.536889130435,3.06818003640109,240,0,0,9
"CMU-TimeSeries","01",2.86513050969312,22.6853552378882,3.33119683249144,31.6426021090941,0.333333333333333,1,20
"CMU-TimeSeries","02",1.04528927952004,3.48651339676675,1.01439430534122,5.41932124937482,0.333333333333333,1,20
"CMU-TimeSeries","04",0.814453602781043,135.252505119331,0.906659379092381,201.570018128937,0.333333333333333,0.333333333333333,20
"CMU-TimeSeries","05",1.21964966669098,42.8159113532322,1.2855121750385,62.4016263972419,0.333333333333333,0.333333333333333,20
"CMU-TimeSeries","06",2.42379736936518,127.02062729077,1.69505714806449,125.178077230984,1,1,20
"CMU-TimeSeries","08",1.31178941747435,28.6188535791436,1.55176252402039,48.1453580514955,0.333333333333333,1,20
"CMU-TimeSeries","09",0.566641940633188,30.6884587357877,0.868323675280368,59.9362339522376,0.333333333333333,1,20
"CMU-TimeSeries","10",1.06601789995314,27.9229877094625,1.22769562324566,37.965002722374,0,0.666666666666667,20
"CMU-TimeSeries","11",1.26876373627319,3.47983717364399,Inf,3.48524133543089,1,1,20
"CMU-TimeSeries","12",1.09269075129872,83.0800454099909,0.951290513776114,94.1907950915585,1,1,20
"CMU-TimeSeries","13",1.5829864559892,54.4415868336723,1.51160966507625,77.4184983049101,0.666666666666667,1,20
"CMU-TimeSeries","15",0.932168076624855,4.92795783200513,0.782278896788543,6.25931102004705,0.666666666666667,1,20
"CMU-TimeSeries","16",1.58018163989151,6.71777792362835,1.37933430871389,7.98915443062382,0.666666666666667,1,20
"CMU-TimeSeries","17",1.26272820298971,202.074184054123,1.47866443588079,307.942493914293,0,0.666666666666667,20
"CMU-TimeSeries","18",1.5937314424204,93.6933375219799,1.68604698159162,154.003674762401,0,0.666666666666667,20
"CMU-TimeSeries","19",0.889571119492193,20.0992025037956,1.07919506415818,35.7412564092071,0.333333333333333,1,20
"CMU-TimeSeries","20",1.52474451084727,38.3302235291003,1.47235457430243,61.7843694958889,0,0.666666666666667,20
"CMU-TimeSeries","21",1.17064972727647,136.40239322016,1.27702058432676,182.642242048694,0,0.333333333333333,20
"CMU-TimeSeries","22",1.28256892622634,18.075933946478,1.08872613359896,23.1721225079583,0.666666666666667,1,20
"CMU-TimeSeries","23",0.945654995766163,26.9964213789068,1.12829986326588,41.1763406944591,0,0.666666666666667,20
"CMU-TimeSeries","24",0.733225056198184,70.0546214213646,1.08065645403608,121.836930945786,0.333333333333333,1,20
"CMU-TimeSeries","25",0.744312357300547,69.8862417045829,1.06806960018558,130.785549552006,0,1,20
"CMU-TimeSeries","26",1.64693321195592,123.358578809296,1.75350695867911,198.943026190425,0.333333333333333,0.666666666666667,20
"CMU-TimeSeries","27",0.993779393514196,76.9635993020962,0.920327072373506,109.388347439431,0.333333333333333,0.666666666666667,20
"CMU-TimeSeries","28",1.00412958170593,27.0259889221691,1.12723035122467,41.254631668731,0.333333333333333,1,20
"CMU-TimeSeries","29",1.20554003846058,106.71890906536,1.29188350387744,157.455695453277,0,0.666666666666667,20
"CMU-TimeSeries","30",0.91953010192215,3.08819464960611,1.22028904898568,3.61971692980401,1,1,20
"CMU-TimeSeries","31",1.51003744907429,6.06040489019783,2.58509946687335,8.79633108812619,1,1,20
"CMU-TimeSeries","32",0.823625455181641,8.38315524011091,0.552022263943816,10.1295645286312,1,1,20
"CMU-TimeSeries","33",1.15479623525362,106.173394530282,1.13834203844095,120.786818739565,0.333333333333333,0.333333333333333,20
"CMU-TimeSeries","34",1.12066254290081,123.532582442404,1.23455269689892,183.797771757524,0.333333333333333,0.666666666666667,20
"CMU-TimeSeries","35",0.981377863066036,13.7854086651388,1.10928952291672,25.51447406514,0,1,20
"CMU-TimeSeries","36",0.857614571829569,111.309232955067,0.908612875210975,158.900415886349,0.666666666666667,1,20
"CMU-TimeSeries","37",1.15169347733176,74.7308838385777,1.34956707565592,119.610848105795,0.333333333333333,1,20
"CMU-TimeSeries","38",1.45804113851361,4.76647623764689,1.61070723180784,8.7737319983876,0.333333333333333,1,20
"CMU-TimeSeries","39",1.16045143862549,353.669460835367,1.23732785430267,462.279402952602,0,0.333333333333333,20
"CMU-TimeSeries","40",1.14480859548166,71.0775292305158,1.22781519825926,101.096738671244,0,0.333333333333333,20
"CMU-TimeSeries","41",1.03504268656758,24.5522687586134,1.35695384315325,40.2730019926353,0,1,20
"CMU-TimeSeries","42",1.3605142294023,169.300909966098,1.21573606131253,268.284906397725,0.333333333333333,0.666666666666667,20
"CMU-TimeSeries","44",0.608515910569021,9.79785956888474,0.825822596067465,17.3923469348196,0.333333333333333,1,20
"CMU-TimeSeries","45",1.32350264441764,33.7742826682431,1.42050297396568,52.8308216862639,0.666666666666667,1,20
"CMU-TimeSeries","46",1.10073269117612,10.165363990432,1.25280403116674,17.4606306270595,0,1,20
"CMU-TimeSeries","47",1.0693166182075,58.3829456687224,1.18883167399069,91.1383508676729,0.333333333333333,1,20
"CMU-TimeSeries","48",2.14923333221173,126.398357611695,1.94424217244054,170.267532884791,0.666666666666667,1,20
"CMU-TimeSeries","49",1.57332736737715,12.7927808110298,1.39929614378154,20.026204552492,0.333333333333333,1,20
"CMU-TimeSeries","50",1.34046334433201,5.15080854529224,1.46924358985702,8.39958891564346,0,1,20
"CMU-TimeSeries","51",1.16101263850179,92.8231312305912,1.41885428149592,144.332788156117,0,0.666666666666667,20
"CMU-TimeSeries","53",1.5557005842176,29.8033979250122,1.51449525880015,44.4565822111584,0.666666666666667,1,20
"CMU-TimeSeries","54",1.17862800003195,19.5372761532281,1.62529419359653,32.4356195063186,0.333333333333333,1,20
"CMU-TimeSeries","55",1.25180907264435,83.3620275574827,1.36153252278612,128.710676040281,0.333333333333333,0.666666666666667,20
"CMU-TimeSeries","56",0.691736426301429,14.5450870391548,0.6689758140104,20.5028500471839,0.333333333333333,0.333333333333333,20
"CMU-TimeSeries","72",0.841772993580366,80.6886871442421,0.908965247719795,106.334268027544,0.333333333333333,0.333333333333333,20
"CMU-climate_baseline","01",12.4137153719375,97.6037346676478,20.5730569449062,192.511830420037,1,1,20
"CMU-climate_baseline","02",4.66680527535622,15.6973934181239,6.07651501843971,32.8025455805529,0,1,20
"CMU-climate_baseline","04",0.437908244527816,74.6211639393023,0.3754888285054,92.3784620337628,0.666666666666667,1,20
"CMU-climate_baseline","05",2.10277287544428,71.9886635780974,2.9697157694584,141.837852673761,1,1,20
"CMU-climate_baseline","06",17.1868973049157,903.369298468608,25.4682702327225,1896.23361976294,0.333333333333333,1,20
"CMU-climate_baseline","08",2.81045459589007,59.0966168123219,2.45464917953247,71.2718115631039,1,1,20
"CMU-climate_baseline","09",1.10608966567716,60.8240570386727,1.19137821612057,83.7896631368368,1,1,20
"CMU-climate_baseline","10",0.724867566608878,18.3002423273107,0.986494056225727,30.2238576921882,1,1,20
"CMU-climate_baseline","11",9.32069798464645,25.2095291199618,Inf,49.9080334260201,0.333333333333333,1,20
"CMU-climate_baseline","12",7.73112572476364,590.172472566206,12.2958010142819,1224.61914750336,1,1,20
"CMU-climate_baseline","13",8.59580057646182,297.676382017164,12.3328955505807,636.882115530946,1,1,20
"CMU-climate_baseline","15",8.1821277857547,43.2684936767175,11.0775726888486,89.7171086903941,0,1,20
"CMU-climate_baseline","16",7.49650158541913,31.3603057012412,10.5582677366587,60.1544079385598,1,1,20
"CMU-climate_baseline","17",0.965670525600536,155.721513229826,0.778480854170648,162.44221225629,1,1,20
"CMU-climate_baseline","18",1.40251022907504,83.7591648343025,1.04375744864288,98.8746270068973,1,1,20
"CMU-climate_baseline","19",1.60768557902144,36.1597259550477,1.41621892066386,46.8658888977589,1,1,20
"CMU-climate_baseline","20",1.40376982585679,35.5413413345053,1.01181968660273,42.4812189159356,1,1,20
"CMU-climate_baseline","21",0.588186560937999,68.9712629804478,0.813528673843821,116.911117602479,1,1,20
"CMU-climate_baseline","22",6.63021876401945,94.0082558718731,8.50894154976901,182.574738844135,1,1,20
"CMU-climate_baseline","23",0.392946495067144,11.5033647102024,0.145047066852188,5.41452429707601,1,1,20
"CMU-climate_baseline","24",1.13801978314209,108.777454882349,1.75945016022802,197.538930558577,1,1,20
"CMU-climate_baseline","25",1.08961354455057,99.3397504402276,1.03581220589399,121.94592707483,1,1,20
"CMU-climate_baseline","26",1.51806474915975,115.194343580182,0.908335599863444,107.006534657295,1,1,20
"CMU-climate_baseline","27",1.72707841949426,135.586871922252,1.97411372096569,237.7438631551,0,1,20
"CMU-climate_baseline","28",2.00365528930694,54.1874086107107,2.60716186537064,95.7276598807013,1,1,20
"CMU-climate_baseline","29",1.15547502093794,99.831806730492,1.1054029068067,134.870263465879,1,1,20
"CMU-climate_baseline","30",5.71709121899224,19.2136117445373,11.8488081610663,35.5442007043196,1,1,20
"CMU-climate_baseline","31",5.94873841968047,23.8946109578927,10.7497707077242,36.8632106881188,1,1,20
"CMU-climate_baseline","32",6.01735977006506,61.0411667091608,7.76862822964493,125.725485216421,0.333333333333333,1,20
"CMU-climate_baseline","33",0.504847038318587,44.4417953399299,0.593626830703955,59.802930688813,0.666666666666667,0.666666666666667,20
"CMU-climate_baseline","34",1.71367571358868,189.78011290677,2.30741171503573,344.67227804243,1,1,20
"CMU-climate_baseline","35",1.2321242459991,17.5913897030859,0.71010396885418,17.4614788162247,1,1,20
"CMU-climate_baseline","36",3.91177937853874,511.243818848628,5.6223647751805,991.390495915456,1,1,20
"CMU-climate_baseline","37",2.93136987349595,185.49125051001,3.87173633558701,335.446729125042,1,1,20
"CMU-climate_baseline","38",2.78291675903261,9.03909653275102,2.5302403062754,13.7596486001809,1,1,20
"CMU-climate_baseline","39",0.538530462137021,168.908048516143,0.334436199192555,169.711950475671,0.666666666666667,1,20
"CMU-climate_baseline","40",1.11868067686224,69.6401023068403,1.42135915300463,117.118109578654,1,1,20
"CMU-climate_baseline","41",3.37183599274922,80.4317708022429,5.61153596942813,167.484931970992,0.333333333333333,1,20
"CMU-climate_baseline","42",1.83742244089334,209.74370886015,1.44922007922085,292.905901144698,0.333333333333333,1,20
"CMU-climate_baseline","44",0.752726948595355,12.2619205762045,0.298198536261298,6.5071379813847,1,1,20
"CMU-climate_baseline","45",4.0452416202399,103.963157115579,5.24042046366721,196.101722496106,1,1,20
"CMU-climate_baseline","46",1.14204205226078,10.5220805539204,0.967295451834702,13.3854359619977,1,1,20
"CMU-climate_baseline","47",1.9004305633841,104.367802567004,2.28058884232689,175.349059846532,1,1,20
"CMU-climate_baseline","48",12.6199420196358,734.729043604827,17.7712989043666,1528.19325341334,1,1,20
"CMU-climate_baseline","49",6.28039603131464,51.3660955233387,6.85353948625718,98.6876821214506,1,1,20
"CMU-climate_baseline","50",2.2445472422179,8.40933673658329,2.56953638587411,14.4251458012236,1,1,20
"CMU-climate_baseline","51",2.19708215390303,176.267637801617,3.25559873993637,332.507595502033,1,1,20
"CMU-climate_baseline","53",8.15816564761396,157.37265621512,11.2598951230769,332.792651368963,0.333333333333333,1,20
"CMU-climate_baseline","54",1.48402912084075,24.7000871826995,0.957288628994804,19.201517444217,1,1,20
"CMU-climate_baseline","55",0.887588622401339,59.9004433711266,0.482487204445995,47.5796857779952,1,1,20
"CMU-climate_baseline","56",0.336271108323353,7.29158974444941,0.34304389433189,10.8903591162774,1,1,20
"CMU-climate_baseline","72",0.323776148215801,32.0985792374126,0.207224112767436,24.9182532332053,1,1,20
"CovidHub-baseline","01",1,7.80684977422238,1,9.33333333333333,1,1,20
"CovidHub-baseline","02",1,3.32548953384461,1,5.33333333333333,0.333333333333333,1,20
"CovidHub-baseline","04",1,165.956221165516,1,222.333333333333,0.333333333333333,0.333333333333333,20
"CovidHub-baseline","05",1,35.0537896531212,1,48.3333333333333,0,0.333333333333333,20
"CovidHub-baseline","06",1,53.0478150320706,1,74.3333333333333,0.333333333333333,0.666666666666667,20
"CovidHub-baseline","08",1,22.3639720704164,1,34.3333333333333,0.333333333333333,1,20
"CovidHub-baseline","09",1,53.7220840938989,1,69,0,0.333333333333333,20
"CovidHub-baseline","10",1,25.6452557244268,1,30.6666666666667,0,0.333333333333333,20
"CovidHub-baseline","11",1,2.73860406826532,1,3,0.666666666666667,1,20
"CovidHub-baseline","12",1,83.4553507496234,1,112.666666666667,0.333333333333333,0.666666666666667,20
"CovidHub-baseline","13",1,34.8924654194078,1,51.6666666666667,0.333333333333333,0.666666666666667,20
"CovidHub-baseline","15",1,5.23710424656421,1,8,0,0.666666666666667,20
"CovidHub-baseline","16",1,4.18447466262344,1,5.66666666666667,1,1,20
"CovidHub-baseline","17",1,160.320251500515,1,208.333333333333,0.333333333333333,0.333333333333333,20
"CovidHub-baseline","18",1,58.749056310353,1,91.3333333333333,0.333333333333333,1,20
"CovidHub-baseline","19",1,22.010514120518,1,32.3333333333333,0,0.666666666666667,20
"CovidHub-baseline","20",1,25.1506794156492,1,42,0.333333333333333,0.333333333333333,20
"CovidHub-baseline","21",1,116.353791737548,1,143,0,0.333333333333333,20
"CovidHub-baseline","22",1,15.1382256432854,1,23,0.333333333333333,0.666666666666667,20
"CovidHub-baseline","23",1,28.4509363349141,1,36.3333333333333,0.333333333333333,0.333333333333333,20
"CovidHub-baseline","24",1,100.58720909054,1,116.333333333333,0,0.333333333333333,20
"CovidHub-baseline","25",1,101.999125302115,1,131.666666666667,0.333333333333333,0.333333333333333,20
"CovidHub-baseline","26",1,75.1320785948729,1,113.333333333333,0.333333333333333,1,20
"CovidHub-baseline","27",1,80.907787935749,1,122.333333333333,0,0.666666666666667,20
"CovidHub-baseline","28",1,27.047269959801,1,36.6666666666667,0.333333333333333,0.333333333333333,20
"CovidHub-baseline","29",1,87.938045046494,1,121.333333333333,0,0.333333333333333,20
"CovidHub-baseline","30",1,3.36117642907589,1,3,1,1,20
"CovidHub-baseline","31",1,3.96436286328805,1,3.33333333333333,0.666666666666667,1,20
"CovidHub-baseline","32",1,10.4171595400374,1,17.6666666666667,0.333333333333333,1,20
"CovidHub-baseline","33",1,90.7098411813321,1,105,0.333333333333333,0.333333333333333,20
"CovidHub-baseline","34",1,110.777978184333,1,149.333333333333,0,0.666666666666667,20
"CovidHub-baseline","35",1,14.061807424096,1,23,0.333333333333333,0.666666666666667,20
"CovidHub-baseline","36",1,142.865663281408,1,188.333333333333,0,0.333333333333333,20
"CovidHub-baseline","37",1,63.2207757149238,1,87,0.333333333333333,0.333333333333333,20
"CovidHub-baseline","38",1,3.2150876353836,1,5.33333333333333,0.666666666666667,1,20
"CovidHub-baseline","39",1,305.648521325691,1,374,0.333333333333333,0.333333333333333,20
"CovidHub-baseline","40",1,62.0196282894278,1,82.3333333333333,0,0.333333333333333,20
"CovidHub-baseline","41",1,23.7135185088155,1,29.6666666666667,0.333333333333333,0.333333333333333,20
"CovidHub-baseline","42",1,117.09289614823,1,208,0,1,20
"CovidHub-baseline","44",1,15.8756598703378,1,20.6666666666667,0.333333333333333,0.333333333333333,20
"CovidHub-baseline","45",1,25.7211916067566,1,37.3333333333333,0.333333333333333,0.666666666666667,20
"CovidHub-baseline","46",1,9.2057397775427,1,14,0.333333333333333,0.666666666666667,20
"CovidHub-baseline","47",1,55.1698384358119,1,77,0.333333333333333,0.333333333333333,20
"CovidHub-baseline","48",1,58.2702606015625,1,87.3333333333333,0.333333333333333,0.333333333333333,20
"CovidHub-baseline","49",1,8.1263378502843,1,14.3333333333333,0,1,20
"CovidHub-baseline","50",1,3.7390960085398,1,5.66666666666667,1,1,20
"CovidHub-baseline","51",1,79.7805940487159,1,101.666666666667,0.333333333333333,0.333333333333333,20
"CovidHub-baseline","53",1,19.1661162875977,1,29.3333333333333,0.333333333333333,0.333333333333333,20
"CovidHub-baseline","54",1,16.7152670861781,1,20,1,1,20
"CovidHub-baseline","55",1,66.8502081140304,1,94.6666666666667,0.333333333333333,0.333333333333333,20
"CovidHub-baseline","56",1,21.1447281097159,1,30.6666666666667,0.333333333333333,1,20
"CovidHub-baseline","72",1,95.9354723581294,1,117.333333333333,0.333333333333333,0.333333333333333,20
"CovidHub-ensemble","01",2.12116091167321,16.6158789067217,2.47772883126951,23.334385677891,0.666666666666667,1,20
"CovidHub-ensemble","02",0.913752030696861,3.0412516172182,0.865773502389893,4.61749895413717,0.333333333333333,1,20
"CovidHub-ensemble","04",0.742984288781243,124.031877853516,0.896380520348816,199.369649825298,0.333333333333333,0.666666666666667,20
"CovidHub-ensemble","05",1.0209555059286,35.6903962319411,1.19034890692184,57.3795918109967,0.333333333333333,0.666666666666667,20
"CovidHub-ensemble","06",1.25762100975638,65.826151269443,1.37111017237145,101.398780666095,0.666666666666667,1,20
"CovidHub-ensemble","08",1.16398870266701,25.2733158110732,1.3863450727081,43.2986837260763,0.333333333333333,1,20
"CovidHub-ensemble","09",0.700411312977632,37.7083541865359,0.895975248648272,61.722200968061,0.333333333333333,1,20
"CovidHub-ensemble","10",0.862305802951596,22.1665727753413,1.06223663002353,32.4728149867146,0,0.333333333333333,20
"CovidHub-ensemble","11",0.967250906049952,2.6537153269832,Inf,2.71382308287853,0.666666666666667,1,20
"CovidHub-ensemble","12",0.656615874514968,50.8282912008338,0.633743972687899,63.326188148536,0.666666666666667,1,20
"CovidHub-ensemble","13",0.910198128004313,31.3077725805935,1.01888127741699,52.1869605701733,0.333333333333333,1,20
"CovidHub-ensemble","15",0.728449511985772,3.81747146719487,0.844095024293744,6.75992067654927,0.333333333333333,1,20
"CovidHub-ensemble","16",1.13169441626205,4.80491393269727,1.01742181487118,6.138705808843,0.666666666666667,1,20
"CovidHub-ensemble","17",1.03721138289629,165.774505712559,1.20228672867281,250.428575002375,0.333333333333333,0.333333333333333,20
"CovidHub-ensemble","18",0.99843732246518,58.6924721216485,1.0604260185541,96.9323549298103,0.333333333333333,1,20
"CovidHub-ensemble","19",0.915629826866892,20.2670671649117,1.0557358031386,34.2789434370487,0.333333333333333,1,20
"CovidHub-ensemble","20",1.14767680828654,28.8512172919263,1.14279578411065,47.9374816726063,0,1,20
"CovidHub-ensemble","21",0.925972065502636,107.742884143929,1.07207394246083,153.309084410038,0,0.333333333333333,20
"CovidHub-ensemble","22",0.888531984421297,12.6289825831882,0.857719065576878,18.395217623999,0.666666666666667,1,20
"CovidHub-ensemble","23",1.10408140648854,31.4584147792647,1.0884534067693,39.6155312856038,0.333333333333333,0.333333333333333,20
"CovidHub-ensemble","24",0.864437265089552,85.7433652354382,0.96836888851299,111.472389397858,0,0.666666666666667,20
"CovidHub-ensemble","25",1.02173316986348,101.798786828928,0.962861623041873,136.25238290034,0.333333333333333,0.666666666666667,20
"CovidHub-ensemble","26",1.26680637676795,96.8423281546566,1.34612445108159,155.030251087978,0.666666666666667,1,20
"CovidHub-ensemble","27",0.894759474839091,72.7096368656341,0.835618899571109,104.041166685118,0.333333333333333,0.666666666666667,20
"CovidHub-ensemble","28",0.841033830177871,22.8432742353154,0.97363144161317,35.6883364192045,0.333333333333333,0.666666666666667,20
"CovidHub-ensemble","29",0.877583806536383,77.0796260503291,1.10509042957703,134.252009191332,0,1,20
"CovidHub-ensemble","30",0.89418543146068,2.98894198934366,1.08953323297085,3.198730330909,1,1,20
"CovidHub-ensemble","31",1.54049317684911,6.16731380344026,2.1098797301559,7.1965993832099,1,1,20
"CovidHub-ensemble","32",0.764493807015112,7.95319266692654,0.870467995398919,14.5735528127552,0.333333333333333,1,20
"CovidHub-ensemble","33",0.935488582677605,84.2789280919738,0.927717289448413,96.6238857331718,0.333333333333333,0.333333333333333,20
"CovidHub-ensemble","34",0.874155077083037,96.1992473914641,0.941912339845431,140.070252660565,0.333333333333333,1,20
"CovidHub-ensemble","35",0.785180645192972,11.0557018900244,0.835714248045312,19.2406566747293,0.666666666666667,1,20
"CovidHub-ensemble","36",0.660823532444409,86.3420167975971,0.79912901620757,140.205906833774,0.333333333333333,1,20
"CovidHub-ensemble","37",0.913927616348796,58.7062483071574,1.07555425559961,94.584785601618,0.333333333333333,1,20
"CovidHub-ensemble","38",1.03697755183768,3.34772359399068,1.02959087256354,5.50572793129163,0.666666666666667,1,20
"CovidHub-ensemble","39",0.874543048274382,267.186662463579,0.92810344605731,346.972690556077,0.333333333333333,0.333333333333333,20
"CovidHub-ensemble","40",0.971056151749179,60.2915792567134,1.09225014247694,89.9278993034697,0,0.666666666666667,20
"CovidHub-ensemble","41",0.775307428060587,18.3919280562695,1.03353399552095,30.6691761035479,0.333333333333333,1,20
"CovidHub-ensemble","42",1.32005896409954,157.377975237025,1.34925299724822,286.943026493167,0.333333333333333,1,20
"CovidHub-ensemble","44",0.849045236128855,13.5020895006537,0.995490730598583,20.5964697300117,0.333333333333333,0.666666666666667,20
"CovidHub-ensemble","45",0.959471232626492,24.4784517367043,1.04499794588499,38.8563735645523,0.333333333333333,1,20
"CovidHub-ensemble","46",1.12156610124575,10.3360901370371,1.01060121299119,14.0771382618258,0.333333333333333,0.666666666666667,20
"CovidHub-ensemble","47",0.919359422809237,50.6625737051753,0.941447021731708,72.293769246188,0.333333333333333,0.666666666666667,20
"CovidHub-ensemble","48",1.26136543636966,74.2774866448992,1.46350059162682,128.137469958494,0.333333333333333,1,20
"CovidHub-ensemble","49",1.3167858430074,10.7104998970583,1.34992931925135,19.3318556110811,0,1,20
"CovidHub-ensemble","50",1.04087611937821,3.94515306086756,1.35084547179002,7.68969028409383,0.333333333333333,1,20
"CovidHub-ensemble","51",0.97767789630752,77.9759737490437,1.1234646521686,114.219011526107,0.333333333333333,0.333333333333333,20
"CovidHub-ensemble","53",1.06825527580015,20.4656518482572,1.27955190222799,37.534477617835,0.333333333333333,1,20
"CovidHub-ensemble","54",0.951436257967779,15.9373567564055,1.27022200881283,25.4463229830113,0.666666666666667,1,20
"CovidHub-ensemble","55",0.998129902072479,66.4334593905701,1.0270249170069,97.0351249289967,0.333333333333333,1,20
"CovidHub-ensemble","56",0.494532609876145,10.4746665935936,0.556486818883145,17.0816538476637,0.333333333333333,1,20
"CovidHub-ensemble","72",1.16893505587702,112.37711954844,1.03609073847515,122.431889968033,0,0.333333333333333,20
"JHU_CSSE-CSSE_Ensemble","01",53.4678508764821,428.344455072464,57.9154240261274,524.916666666667,0,0,4
"JHU_CSSE-CSSE_Ensemble","02",1.22756772492791,3.59108695652174,0.880477571861826,4,1,1,8
"JHU_CSSE-CSSE_Ensemble","04",11.6504687851596,1890.24386811594,9.9341492082147,2171.08333333333,0,0,8
"JHU_CSSE-CSSE_Ensemble","05",1.11253385177498,31.1010985507246,1.19571046862876,48.6666666666667,0.5,1,8
"JHU_CSSE-CSSE_Ensemble","06",39.7296172318552,2103.45083478261,40.0171163352461,2756.08333333333,0,0,4
"JHU_CSSE-CSSE_Ensemble","08",5.55948282287732,147.288536231884,5.47131181313461,238.333333333333,0,0.5,8
"JHU_CSSE-CSSE_Ensemble","09",0.507661405678232,34.1731449275362,0.737773636200045,63.8333333333333,0.5,1,4
"JHU_CSSE-CSSE_Ensemble","10",0.971641008835237,19.8324028985507,1.21424259002833,29.6666666666667,0.5,1,8
"JHU_CSSE-CSSE_Ensemble","11",1.24343682169162,3.87246956521739,1.2723442007374,4.5,1,1,4
"JHU_CSSE-CSSE_Ensemble","12",16.2092311451673,1411.29148985507,15.7553324349914,1755.66666666667,0,0,4
"JHU_CSSE-CSSE_Ensemble","13",15.5960920280113,458.403608695652,13.8892379283791,580.833333333333,0,0,4
"JHU_CSSE-CSSE_Ensemble","15",10.3182387239545,47.6275543478261,7.65360832526795,54.25,0,0,4
"JHU_CSSE-CSSE_Ensemble","16",50.6825551945091,242.097898550725,38.9667637518122,265.666666666667,0,0,8
"JHU_CSSE-CSSE_Ensemble","17",0.770297820946382,102.513443478261,0.861450355769159,151.416666666667,1,1,8
"JHU_CSSE-CSSE_Ensemble","18",1.15903167004156,58.6572753623188,0.736286521573798,59.5,1,1,12
"JHU_CSSE-CSSE_Ensemble","19",0.745969219057192,18.7733869565217,0.932180255654392,33.8333333333333,0.5,1,8
"JHU_CSSE-CSSE_Ensemble","20",0.976735897255354,20.4208855072464,0.742258103252252,26,1,1,12
"JHU_CSSE-CSSE_Ensemble","21",1.38128550181492,127.5296,1.74474984291194,201.166666666667,0,0.5,12
"JHU_CSSE-CSSE_Ensemble","22",23.8308257475822,354.283585507246,19.630534503747,429.166666666667,0,0,4
"JHU_CSSE-CSSE_Ensemble","23",0.90759676056918,34.3680072463768,1.06335682366423,50.8333333333333,0,0,8
"JHU_CSSE-CSSE_Ensemble","24",0.554333084066658,59.8766420289855,0.791598638641955,96,0.5,0.5,8
"JHU_CSSE-CSSE_Ensemble","25",0.681982855724598,78.0647086956522,1.01776884167569,145.75,0,1,4
"JHU_CSSE-CSSE_Ensemble","26",1.13963865204816,86.5306666666667,0.593983997527233,66,1,1,8
"JHU_CSSE-CSSE_Ensemble","27",1.2885309137959,111.410153623188,1.62191136903241,205.583333333333,0,1,4
"JHU_CSSE-CSSE_Ensemble","28",0.647835787609071,16.8550536231884,0.801580384540578,27,0.5,1,4
"JHU_CSSE-CSSE_Ensemble","29",1.49603614449458,108.670037681159,1.91802014190771,196.5,0.5,1,12
"JHU_CSSE-CSSE_Ensemble","30",5.19745045184892,17.8601811594203,9.43525299586703,28.3333333333333,0,1,8
"JHU_CSSE-CSSE_Ensemble","31",10.0525581217572,41.9177289855073,17.985798203401,65.8333333333333,0,0.5,4
"JHU_CSSE-CSSE_Ensemble","32",10.83927570702,128.999763768116,7.2930988017416,152.833333333333,0,0,4
"JHU_CSSE-CSSE_Ensemble","33",0.769534429016705,73.5902898550725,0.789688068502581,84.1666666666667,0.5,0.5,8
"JHU_CSSE-CSSE_Ensemble","34",1.84845445629257,167.987689855072,2.38465253403429,298.916666666667,0,1,4
"JHU_CSSE-CSSE_Ensemble","35",5.59184034173711,72.4426202898551,4.93634249236148,105.333333333333,0,0,8
"JHU_CSSE-CSSE_Ensemble","36",2.78992155727003,375.115924637681,3.67357779891914,654.583333333333,0,1,4
"JHU_CSSE-CSSE_Ensemble","37",0.950931936874552,53.8216072463768,1.00780141613896,77.5,1,1,4
"JHU_CSSE-CSSE_Ensemble","38",2.54643548240836,8.46586956521739,2.83484566783146,16.3333333333333,0,1,8
"JHU_CSSE-CSSE_Ensemble","39",0.616201676850959,166.962346376812,0.757373747201257,250.416666666667,0.5,1,8
"JHU_CSSE-CSSE_Ensemble","40",0.814590086950738,36.9625782608696,1.00802187819976,65,0.5,1,8
"JHU_CSSE-CSSE_Ensemble","41",20.7827587932277,413.796092753623,18.2722097865984,455.166666666667,0,0,4
"JHU_CSSE-CSSE_Ensemble","42",1.09956191698426,149.553311594203,0.319143805854486,80,1,1,8
"JHU_CSSE-CSSE_Ensemble","44",0.513976964363503,10.4498666666667,0.668843348905071,17.8333333333333,0.5,1,8
"JHU_CSSE-CSSE_Ensemble","45",4.00862196077463,86.2040753623189,4.74631436801819,143.166666666667,0,1,4
"JHU_CSSE-CSSE_Ensemble","46",0.963380369219996,5.65188405797101,0.637451837601999,5.66666666666667,1,1,8
"JHU_CSSE-CSSE_Ensemble","47",7.22567855256704,384.56048115942,7.18525490235555,496.416666666667,0,0,4
"JHU_CSSE-CSSE_Ensemble","48",21.2654251840711,1120.60999565217,21.285373025931,1597.91666666667,0,0,4
"JHU_CSSE-CSSE_Ensemble","49",19.0291795961528,137.214788405797,13.659632152769,170.833333333333,0,0,4
"JHU_CSSE-CSSE_Ensemble","50",1.12211889327328,3.91279565217391,0.974836791164495,4.83333333333333,0.5,1,8
"JHU_CSSE-CSSE_Ensemble","51",0.843795742785394,52.3593043478261,0.982106429688712,78.8333333333333,0.5,1,4
"JHU_CSSE-CSSE_Ensemble","53",22.9445760987467,351.77344057971,18.6922241860291,436,0,0,4
"JHU_CSSE-CSSE_Ensemble","54",0.987081931068326,17.6139304347826,1.02966122120386,21.8333333333333,1,1,12
"JHU_CSSE-CSSE_Ensemble","55",0.866103070339414,49.4404927536232,0.677175778806932,54.25,1,1,4
"JHU_CSSE-CSSE_Ensemble","56",0.594748856790807,14.7439246376812,0.659501513915786,24,1,1,8
"MOBS-GLEAM_COVID","01",1.80158930160075,14.2602898550725,1.82742771704712,17,1,1,15
"MOBS-GLEAM_COVID","02",1.03172557428639,3.43304347826087,1,5.33333333333333,0,0.666666666666667,15
"MOBS-GLEAM_COVID","04",0.32158643645461,54.5047826086957,0.365127915463711,84,0.666666666666667,1,15
"MOBS-GLEAM_COVID","05",0.748493365545035,25.7834782608696,0.91848575406703,44,0,1,15
"MOBS-GLEAM_COVID","06",1.70255401326527,91.4468115942029,1.94733837224826,152.666666666667,0.333333333333333,1,15
"MOBS-GLEAM_COVID","08",1.11071805934146,23.8372463768116,0,30.6666666666667,0.666666666666667,1,15
"MOBS-GLEAM_COVID","09",1.10579692000801,59.7202898550725,1.26626071762271,88,0.333333333333333,0.333333333333333,15
"MOBS-GLEAM_COVID","10",0.752713340772032,19.0628985507246,0.931694451229353,28.3333333333333,0.333333333333333,0.666666666666667,15
"MOBS-GLEAM_COVID","11",0.997879280112851,2.79144927536232,Inf,4.33333333333333,0.666666666666667,1,15
"MOBS-GLEAM_COVID","12",0.994883214232226,79.0688405797101,1.16150130746218,123.666666666667,0.333333333333333,1,15
"MOBS-GLEAM_COVID","13",0.736420892911866,25.4785507246377,0.745246333008918,38.3333333333333,0.666666666666667,1,15
"MOBS-GLEAM_COVID","15",1.37111766853492,7.16811594202898,1.12487131825274,9,0,0.333333333333333,15
"MOBS-GLEAM_COVID","16",0.940027465075671,3.95927536231884,0.833524827242136,5,1,1,15
"MOBS-GLEAM_COVID","17",0.741874129500739,120.527246376812,0.881766832925661,185.666666666667,0.666666666666667,1,15
"MOBS-GLEAM_COVID","18",0.980360651131526,57.9802898550725,1.00155182836567,92,0.666666666666667,1,15
"MOBS-GLEAM_COVID","19",0.975782217020658,21.606231884058,1.06279401781326,34.3333333333333,0.333333333333333,1,15
"MOBS-GLEAM_COVID","20",1.06570392954535,26.8517391304348,1.16549222191244,49,0,1,15
"MOBS-GLEAM_COVID","21",0.712073822810279,83.3839130434783,0.862642571343053,123.666666666667,0.333333333333333,0.666666666666667,15
"MOBS-GLEAM_COVID","22",0.826585691690459,11.7175362318841,0.566950922719879,12.6666666666667,0.666666666666667,1,15
"MOBS-GLEAM_COVID","23",1.16475997717923,33.2449275362319,1.12327221759189,41,0.333333333333333,0.333333333333333,15
"MOBS-GLEAM_COVID","24",0.897636692622713,93.2815942028986,0.943826181121082,113,0.333333333333333,0.333333333333333,15
"MOBS-GLEAM_COVID","25",1.67148367081085,162.710579710145,1.75618865712708,216.333333333333,0,0.333333333333333,15
"MOBS-GLEAM_COVID","26",2.27705056029478,183.285797101449,2.14431855673209,259,0.333333333333333,0.333333333333333,15
"MOBS-GLEAM_COVID","27",1.25722766956652,103.473913043478,1.13703235937998,150.333333333333,0.333333333333333,0.666666666666667,15
"MOBS-GLEAM_COVID","28",0.701097555628541,19.1188405797101,0.778968954207147,28.6666666666667,0.333333333333333,0.666666666666667,15
"MOBS-GLEAM_COVID","29",0.800189528423016,69.6739130434783,1.00287089871908,121.333333333333,0,1,15
"MOBS-GLEAM_COVID","30",0.828198749229498,2.77782608695652,1.35835902016201,4,1,1,15
"MOBS-GLEAM_COVID","31",1.59124957676544,6.39826086956522,2.20184333338704,7.33333333333333,1,1,15
"MOBS-GLEAM_COVID","32",1.52852155065867,16.3717391304348,1.38750088636125,23.3333333333333,0.333333333333333,0.333333333333333,15
"MOBS-GLEAM_COVID","33",0.848428765988962,75.4549275362319,0.901739843237599,93,0,0.666666666666667,15
"MOBS-GLEAM_COVID","34",0.796886529379813,89.6221739130435,0.941273967483421,142.333333333333,0.666666666666667,0.666666666666667,15
"MOBS-GLEAM_COVID","35",0.863696310960229,12.3765217391304,0.812786992622141,19.6666666666667,0.666666666666667,1,15
"MOBS-GLEAM_COVID","36",0.86448371141471,116.812463768116,0.796772904550984,168.333333333333,0.333333333333333,1,15
"MOBS-GLEAM_COVID","37",1.02772215139892,63.774347826087,1.16466888396956,98.6666666666667,0.333333333333333,0.666666666666667,15
"MOBS-GLEAM_COVID","38",1.03836706855649,3.35231884057971,0.88479103847386,4.66666666666667,0.666666666666667,1,15
"MOBS-GLEAM_COVID","39",0.771786343302967,242.760724637681,0.921467385181921,351,0.333333333333333,0.666666666666667,15
"MOBS-GLEAM_COVID","40",0.834505370818186,51.7334782608696,1.06072176179994,87.3333333333333,0,1,15
"MOBS-GLEAM_COVID","41",0.865280663203146,20.9447826086957,1.07521531159635,32.3333333333333,0,0.666666666666667,15
"MOBS-GLEAM_COVID","42",3.1883815071265,369.39768115942,2.66149433483386,543,0,0.333333333333333,15
"MOBS-GLEAM_COVID","44",1.05959884655554,16.854347826087,1.12658391199551,23.3333333333333,0.333333333333333,0.333333333333333,15
"MOBS-GLEAM_COVID","45",0.941779138400112,24.286231884058,1.06629916322612,40,0.666666666666667,1,15
"MOBS-GLEAM_COVID","46",1.30394256670684,12.1453623188406,1.09758683432804,15.3333333333333,0.333333333333333,0.666666666666667,15
"MOBS-GLEAM_COVID","47",0.787921881990812,44.9085507246377,0.833038038499491,67,0.666666666666667,0.666666666666667,15
"MOBS-GLEAM_COVID","48",1.02832432454365,59.6752173913044,1.09466511727701,93.6666666666667,0.666666666666667,1,15
"MOBS-GLEAM_COVID","49",1.11072787954266,9.02855072463768,1.11798825112403,16,0.333333333333333,1,15
"MOBS-GLEAM_COVID","50",0.789942947364601,2.95289855072464,0.899467067678786,5,0.666666666666667,1,15
"MOBS-GLEAM_COVID","51",0.754180405150332,60.4252173913043,0.994078765178391,101.333333333333,0.333333333333333,1,15
"MOBS-GLEAM_COVID","53",0.878715913191577,16.8888405797101,0.942324091062892,27.6666666666667,0.333333333333333,1,15
"MOBS-GLEAM_COVID","54",1.10488767508988,18.9349275362319,1.4855797829704,31.3333333333333,0.333333333333333,1,15
"MOBS-GLEAM_COVID","55",0.822674951378077,55.5940579710145,0.938889893430368,90,0.666666666666667,1,15
"MOBS-GLEAM_COVID","56",0.308115780510467,6.57246376811594,0.325463301461556,10,0.333333333333333,1,15
"NEU_ISI-AdaptiveEnsemble","01",2.16059780166385,16.9065217391304,2.94463091842803,27.6666666666667,0.666666666666667,1,16
"NEU_ISI-AdaptiveEnsemble","02",0.923837736223003,3.07753623188406,0.875,4.66666666666667,0.333333333333333,0.666666666666667,16
"NEU_ISI-AdaptiveEnsemble","04",0.929300405821403,156.360289855072,1.16545759105501,260.333333333333,0.333333333333333,0.666666666666667,16
"NEU_ISI-AdaptiveEnsemble","05",0.697696672105958,23.7108695652174,0.948850813833642,45,0,1,16
"NEU_ISI-AdaptiveEnsemble","06",1.18626518969182,62.1975362318841,1.26021131099499,93.3333333333333,1,1,16
"NEU_ISI-AdaptiveEnsemble","08",1.5581402074085,33.2189855072464,1.8773145123919,55.3333333333333,0.333333333333333,0.666666666666667,16
"NEU_ISI-AdaptiveEnsemble","09",1.33346053201047,72.6094202898551,1.46076365603601,102.333333333333,0,0.333333333333333,16
"NEU_ISI-AdaptiveEnsemble","10",0.637912878658558,15.858115942029,0.747761430905863,22.3333333333333,0.333333333333333,0.666666666666667,16
"NEU_ISI-AdaptiveEnsemble","11",1.70190715460337,4.80623188405797,Inf,6.66666666666667,0,0.666666666666667,16
"NEU_ISI-AdaptiveEnsemble","12",0.642611980686496,50.003768115942,0.616110325541709,71.3333333333333,0.666666666666667,1,16
"NEU_ISI-AdaptiveEnsemble","13",0.670785720538856,23.4953623188406,0.668623344031243,34.6666666666667,0.666666666666667,0.666666666666667,16
"NEU_ISI-AdaptiveEnsemble","16",1.45337084650455,6.0336231884058,1.88637144140802,10.6666666666667,0.333333333333333,1,16
"NEU_ISI-AdaptiveEnsemble","17",0.763140851036329,128.807536231884,0.654516508611765,157.333333333333,0.666666666666667,0.666666666666667,16
"NEU_ISI-AdaptiveEnsemble","18",1.092057315301,67.6947826086956,0.891916026801186,90.3333333333333,0.666666666666667,0.666666666666667,16
"NEU_ISI-AdaptiveEnsemble","19",1.59834043690499,35.4998550724638,1.91777117793407,62.6666666666667,0,1,16
"NEU_ISI-AdaptiveEnsemble","20",0.855659981815441,22.0679710144928,0.890907760462236,38.3333333333333,0.666666666666667,0.666666666666667,16
"NEU_ISI-AdaptiveEnsemble","21",0.59775945590706,70.9066666666667,0.850139015284634,122.333333333333,0,0.666666666666667,16
"NEU_ISI-AdaptiveEnsemble","22",1.60042467009951,22.9047826086957,2.06798326773964,44.6666666666667,0.666666666666667,1,16
"NEU_ISI-AdaptiveEnsemble","23",1.45898285501772,42.1369565217391,1.39564667943634,51.6666666666667,0,0,16
"NEU_ISI-AdaptiveEnsemble","24",0.879135509577427,89.1059420289855,0.906138500937884,105.666666666667,0,0.333333333333333,16
"NEU_ISI-AdaptiveEnsemble","25",0.513476275908399,46.7711594202899,0.503417949082459,59,1,1,16
"NEU_ISI-AdaptiveEnsemble","26",3.10005954057162,240.185507246377,3.58358232142349,416,0.333333333333333,1,16
"NEU_ISI-AdaptiveEnsemble","27",1.1294884412675,91.5566666666667,1.08871680468507,133.666666666667,0,0.666666666666667,16
"NEU_ISI-AdaptiveEnsemble","28",0.663632205070435,19.6708695652174,0.504607981610141,23,0.333333333333333,0.666666666666667,16
"NEU_ISI-AdaptiveEnsemble","29",0.667684217459219,57.0849275362319,0.874482221043554,104,0.333333333333333,1,16
"NEU_ISI-AdaptiveEnsemble","30",1.17609004495851,3.91391304347826,2.46223339965729,7.33333333333333,0.333333333333333,1,16
"NEU_ISI-AdaptiveEnsemble","31",1.13645547984014,4.60710144927536,1.91958203736275,6.66666666666667,1,1,16
"NEU_ISI-AdaptiveEnsemble","32",1.64376227314508,16.9066666666667,1.91577672388896,31,0.333333333333333,1,16
"NEU_ISI-AdaptiveEnsemble","33",0.703164318417638,61.705652173913,0.680231126096235,69,0.333333333333333,0.666666666666667,16
"NEU_ISI-AdaptiveEnsemble","34",0.675391688609047,75.8549275362319,0.659894303160036,105,0.666666666666667,1,16
"NEU_ISI-AdaptiveEnsemble","35",0.63909088127146,9.05666666666667,0.675564798596713,15.6666666666667,0.666666666666667,1,16
"NEU_ISI-AdaptiveEnsemble","36",0.598760851413424,78.0743478260869,0.677641948415332,119.333333333333,0.666666666666667,1,16
"NEU_ISI-AdaptiveEnsemble","37",1.19324316101865,74.7407246376812,1.64356739528109,140.666666666667,0.666666666666667,1,16
"NEU_ISI-AdaptiveEnsemble","38",0.718152108853231,2.33985507246377,0.496675985468052,2.66666666666667,0.666666666666667,1,16
"NEU_ISI-AdaptiveEnsemble","39",0.615707971086723,197.701739130435,0.711582906975262,275.666666666667,0.666666666666667,0.666666666666667,16
"NEU_ISI-AdaptiveEnsemble","40",1.21694269941477,75.4514492753623,1.17002681978069,96.3333333333333,0,0.333333333333333,16
"NEU_ISI-AdaptiveEnsemble","41",0.690430802782208,17.4239130434783,0.779054313184972,24.3333333333333,0.666666666666667,0.666666666666667,16
"NEU_ISI-AdaptiveEnsemble","42",1.70319950387758,196.694637681159,1.78386998830279,365.666666666667,0,1,16
"NEU_ISI-AdaptiveEnsemble","44",0.831943824051268,13.2459420289855,0.961907121226329,20,0.333333333333333,0.666666666666667,16
"NEU_ISI-AdaptiveEnsemble","45",0.807870263868939,21.3252173913043,0.645601598490196,25.3333333333333,0.666666666666667,0.666666666666667,16
"NEU_ISI-AdaptiveEnsemble","46",1.34003487901329,12.4259420289855,1.12937666355762,15.6666666666667,0,0.666666666666667,16
"NEU_ISI-AdaptiveEnsemble","47",0.72883010956404,41.1484057971014,0.698398263486573,54.6666666666667,0.333333333333333,0.666666666666667,16
"NEU_ISI-AdaptiveEnsemble","48",0.93914407813445,54.2473913043478,0.896255469854888,76.6666666666667,0.666666666666667,1,16
"NEU_ISI-AdaptiveEnsemble","49",1.98664155629731,16.7001449275362,1.96282753741102,29,0,1,16
"NEU_ISI-AdaptiveEnsemble","50",1.21684486088865,4.46594202898551,1.21764990962253,6.66666666666667,0.666666666666667,0.666666666666667,16
"NEU_ISI-AdaptiveEnsemble","51",0.71470979844201,58.6666666666667,0.804441942492194,83.6666666666667,0.666666666666667,0.666666666666667,16
"NEU_ISI-AdaptiveEnsemble","53",0.792934183013748,15.6027536231884,0.807926687075623,24,0.333333333333333,0.666666666666667,16
"NEU_ISI-AdaptiveEnsemble","54",0.827244405414251,13.6697101449275,1.20621350531314,24,1,1,16
"NEU_ISI-AdaptiveEnsemble","56",0.154426367500351,3.37608695652174,0.109999151776058,3.66666666666667,1,1,16
"NEU_ISI-AdaptiveEnsemble","72",1.28780003037411,162.686739130435,1.07318031711766,163.5,0,0,4
"OHT_JHU-nbxd","01",7.06987296710994,54.1338260869565,7.65451724841901,69.9933333333333,0,0.333333333333333,25
"OHT_JHU-nbxd","02",0.507802220159629,1.78384202898551,0.394300362901955,2.53666666666667,0.666666666666667,0.666666666666667,25
"OHT_JHU-nbxd","04",0.37941958058745,63.1130478260869,0.449198500835447,99.7466666666667,0.333333333333333,1,25
"OHT_JHU-nbxd","05",1.07469307312558,37.2395347826087,1.05626483031523,50.8933333333333,0.333333333333333,0.333333333333333,25
"OHT_JHU-nbxd","06",2.13510505921577,112.482582608696,2.40794842780505,178.696666666667,0.333333333333333,1,25
"OHT_JHU-nbxd","08",2.91461312730361,70.8734405797102,2.40984054451497,88.1133333333333,0.333333333333333,0.333333333333333,25
"OHT_JHU-nbxd","09",0.948653601351665,51.6836275362319,1.23626705406544,86.4533333333333,0,1,25
"OHT_JHU-nbxd","10",0.599685190643785,14.9178637681159,0.813644840203009,24.1766666666667,0,0.666666666666667,25
"OHT_JHU-nbxd","11",0.977346256785128,2.65055942028986,Inf,4.78666666666667,0.333333333333333,1,25
"OHT_JHU-nbxd","12",0.556271034411151,42.9871811594203,0.35931494744416,43.2033333333333,1,1,25
"OHT_JHU-nbxd","13",1.01596236116721,37.9215710144928,0.871552461251236,55.1633333333333,0.333333333333333,0.666666666666667,25
"OHT_JHU-nbxd","15",0.711767432398198,3.89975072463768,0.619513971174053,5.07,0.333333333333333,0.666666666666667,25
"OHT_JHU-nbxd","16",1.95873865708604,8.57564057971015,2.32534498996235,13.7433333333333,0,0.666666666666667,25
"OHT_JHU-nbxd","17",0.876867714512488,155.516592753623,0.890555165090838,212.246666666667,0.333333333333333,0.666666666666667,25
"OHT_JHU-nbxd","18",1.33840286656561,86.8913405797102,1.11092029850177,122.903333333333,0.333333333333333,0.666666666666667,25
"OHT_JHU-nbxd","19",1.14929244885265,25.1840144927536,1.19991306291625,38.41,0.333333333333333,0.666666666666667,25
"OHT_JHU-nbxd","20",1.45558769956304,41.7792869565217,1.11216176020702,53.65,0.333333333333333,0.666666666666667,25
"OHT_JHU-nbxd","21",0.578767635858775,75.3706014492754,0.590900045580477,92.0566666666667,0.666666666666667,0.666666666666667,25
"OHT_JHU-nbxd","22",1.03634224962444,15.2210130434783,1.11367198993855,25.4866666666667,0.666666666666667,1,25
"OHT_JHU-nbxd","23",2.18015726124728,63.2465086956522,1.8418580630206,68.2433333333333,0,0,25
"OHT_JHU-nbxd","24",1.00697780754629,100.907747826087,1.08927102665474,126.696666666667,0,0,25
"OHT_JHU-nbxd","25",3.00665020828588,276.386124637681,2.53566213931597,301.866666666667,0,0,25
"OHT_JHU-nbxd","26",2.13724731464748,179.004331884058,1.53521524547974,243.06,0.333333333333333,0.666666666666667,25
"OHT_JHU-nbxd","27",3.28299850258577,261.399675362319,2.38469902974097,290.536666666667,0,0,25
"OHT_JHU-nbxd","28",0.918895336141359,28.1289942028986,0.872446487428936,36.62,0.333333333333333,0.666666666666667,25
"OHT_JHU-nbxd","29",1.34895233934556,113.556447826087,1.27139856240964,149.336666666667,0,0.666666666666667,25
"OHT_JHU-nbxd","30",1.66720474299903,5.4677231884058,2.97536672702334,8.64666666666667,0.333333333333333,1,25
"OHT_JHU-nbxd","31",4.79904223780113,18.8008826086957,8.44175421673248,28.2066666666667,0,0.666666666666667,25
"OHT_JHU-nbxd","32",1.79446949545104,18.122231884058,1.41791560692355,22.7266666666667,0,0.333333333333333,25
"OHT_JHU-nbxd","33",0.959566157268279,83.7410536231884,0.883434335872941,88.67,0.333333333333333,0.333333333333333,25
"OHT_JHU-nbxd","34",0.687339167512525,81.7368463768116,0.714549971900532,119.57,0.666666666666667,0.666666666666667,25
"OHT_JHU-nbxd","35",3.42360284481763,56.3702376811594,2.483332147951,64.7466666666667,0.333333333333333,0.333333333333333,25
"OHT_JHU-nbxd","36",1.16359178132854,156.508684057971,1.42675258606831,256.946666666667,0,0.666666666666667,25
"OHT_JHU-nbxd","37",2.54477122415809,156.346427536232,2.161892840722,182.186666666667,0,0.333333333333333,25
"OHT_JHU-nbxd","38",3.4892362225241,11.1214275362319,2.70285710058807,14.44,0,0.333333333333333,25
"OHT_JHU-nbxd","39",0.908208648672179,308.838863768116,0.972012567121634,393.773333333333,0,0.666666666666667,25
"OHT_JHU-nbxd","40",1.06373761078268,75.609184057971,0.978301710175491,89.3766666666667,0,0.333333333333333,25
"OHT_JHU-nbxd","41",0.649453803214305,15.6159579710145,0.902457279696248,27.1,0.333333333333333,1,25
"OHT_JHU-nbxd","42",3.57483370295145,440.920088405797,2.76728635601911,591.92,0,0.333333333333333,25
"OHT_JHU-nbxd","44",1.20181888675225,19.4156913043478,1.3535360810607,28.6433333333333,0,0.333333333333333,25
"OHT_JHU-nbxd","45",0.870834795763642,23.5047666666667,0.916253536565967,36.5333333333333,0.666666666666667,1,25
"OHT_JHU-nbxd","46",1.62278845962536,17.1892420289855,1.32747934228392,20.58,0.333333333333333,0.333333333333333,25
"OHT_JHU-nbxd","47",1.35533497318454,82.0594768115942,1.31384509258139,108.88,0,0.666666666666667,25
"OHT_JHU-nbxd","48",2.91268023276833,164.862328985507,2.50419954210939,210.22,0,0.333333333333333,25
"OHT_JHU-nbxd","49",1.69851895123934,13.7925028985507,1.44634066347039,20.7,0.333333333333333,1,25
"OHT_JHU-nbxd","50",4.12024025924035,14.8934666666667,2.99558319622017,16.16,0,0.333333333333333,25
"OHT_JHU-nbxd","51",0.798740767572248,66.2057086956522,0.913686693016815,95.2866666666667,0.333333333333333,0.666666666666667,25
"OHT_JHU-nbxd","53",1.6383246642646,31.3998144927536,1.68595149623466,49.46,0.333333333333333,1,25
"OHT_JHU-nbxd","54",4.0073585949329,70.2607289855072,3.77121849281234,78.62,0,0,25
"OHT_JHU-nbxd","55",0.942451437310896,69.6673768115942,0.729667324427473,97.94,0.333333333333333,0.666666666666667,25
"OHT_JHU-nbxd","56",0.705070869910095,15.9428550724638,0.706377513942847,23.0433333333333,0,0.666666666666667,25
"OHT_JHU-nbxd","72",1.63579127716637,163.198952173913,1.37215236484978,167.29,0,0,25
"UM-DeepOutbreak","01",2.94702187194655,22.8376770257792,3.79487492032895,34.681583404541,0.333333333333333,1,20
"UM-DeepOutbreak","02",1.19198247934412,3.97889217903719,1.23126082355309,6.62339989344279,0.333333333333333,1,20
"UM-DeepOutbreak","04",0.984603742085495,165.70742311656,1.21455230667884,273.01552327474,0.666666666666667,0.666666666666667,20
"UM-DeepOutbreak","05",1.64193126418323,55.699059466779,1.71314852269388,81.1968358357747,0.333333333333333,0.333333333333333,20
"UM-DeepOutbreak","06",2.00450533449701,104.519394142102,1.93817245874455,143.495646158854,0.666666666666667,1,20
"UM-DeepOutbreak","08",1.42590048929847,30.2960128180986,1.7624645334724,51.8051783243815,0,1,20
"UM-DeepOutbreak","09",0.60584068830762,32.8243076823887,0.800039885281878,55.6697235107422,0,1,20
"UM-DeepOutbreak","10",0.938604074794198,24.3231269199366,1.13034110757773,34.7778412501017,0,0.666666666666667,20
"UM-DeepOutbreak","11",1.41688646545359,3.82298809335255,Inf,2.95591068267823,1,1,20
"UM-DeepOutbreak","12",0.861992190449673,67.5600087326674,0.548236899531638,54.1733805338542,1,1,20
"UM-DeepOutbreak","13",2.44423110387965,85.8647911891971,2.38621936692261,125.165901184082,0.333333333333333,1,20
"UM-DeepOutbreak","15",0.63255051216776,3.3976758823861,0.507957352570223,4.37052901585897,1,1,20
"UM-DeepOutbreak","16",1.39038298414922,5.87274142728453,1.49165135048727,8.9832010269165,0.333333333333333,1,20
"UM-DeepOutbreak","17",1.08310661322394,173.434171380283,1.2197046451649,254.084431966146,0,0.333333333333333,20
"UM-DeepOutbreak","18",0.955529570144278,56.2499443729332,1.14759190641289,105.17352549235,0,1,20
"UM-DeepOutbreak","19",0.432204788639308,9.92665681162875,0.461382132049808,15.7393938700358,0.666666666666667,1,20
"UM-DeepOutbreak","20",1.50052178499064,37.8323231845581,1.29325667775481,54.3739719390869,0.333333333333333,0.666666666666667,20
"UM-DeepOutbreak","21",0.976921923441251,113.713422295328,1.10807040760676,158.453375498454,0,0.666666666666667,20
"UM-DeepOutbreak","22",1.56761090345453,22.2223221575939,1.8897411108251,40.4640502929688,0.333333333333333,1,20
"UM-DeepOutbreak","23",1.19767145808735,34.0400760260936,1.08389950557669,39.3291126887004,0.333333333333333,0.333333333333333,20
"UM-DeepOutbreak","24",0.812604041694686,78.4180266455541,1.0512993189848,118.443283081055,0,0.666666666666667,20
"UM-DeepOutbreak","25",1.07439040312873,106.974361005529,1.05232412233496,137.879624048869,0.333333333333333,0.333333333333333,20
"UM-DeepOutbreak","26",1.2057555654274,90.5030179342564,1.20322414540549,136.699676513672,0.666666666666667,1,20
"UM-DeepOutbreak","27",0.878934470343414,71.6366661661736,0.793318739977675,100.166253050168,0.333333333333333,0.666666666666667,20
"UM-DeepOutbreak","28",0.963492302943909,25.9580650436502,1.17395461084611,43.0999124844869,0,0.666666666666667,20
"UM-DeepOutbreak","29",0.76770783059953,66.9080563649032,1.02785142351793,126.238606770833,0.333333333333333,0.666666666666667,20
"UM-DeepOutbreak","30",1.2036750664331,4.11944146771991,0.838459134664625,2.7359790802002,1,1,20
"UM-DeepOutbreak","31",1.84629782549857,7.46773729062011,3.5806677043068,12.3540827433268,0.333333333333333,1,20
"UM-DeepOutbreak","32",1.202836015121,13.0922255482179,1.17742743318401,21.3515663146973,0.666666666666667,1,20
"UM-DeepOutbreak","33",0.98083128161444,89.4452258259424,0.962408827693356,101.238930384318,0.333333333333333,0.333333333333333,20
"UM-DeepOutbreak","34",1.18684871143219,131.048357624795,1.40663601873124,209.247650146484,0.333333333333333,1,20
"UM-DeepOutbreak","35",1.02705483727333,14.527714336292,1.02872731553047,23.8598133722941,0.333333333333333,1,20
"UM-DeepOutbreak","36",0.655196297619718,85.369511513363,0.991813486903511,174.003967285156,0.333333333333333,1,20
"UM-DeepOutbreak","37",1.47575484919615,98.1598271657884,1.68222108469647,151.867141723633,0,0.666666666666667,20
"UM-DeepOutbreak","38",0.863954392253077,2.76448899194994,0.782888554980219,4.16177360216777,0.666666666666667,1,20
"UM-DeepOutbreak","39",0.791046936854887,241.117800526511,0.911161720408709,340.533294677734,0.333333333333333,0.333333333333333,20
"UM-DeepOutbreak","40",0.994767803116838,61.8127991842279,1.05040891940501,86.4887262980143,0,0.666666666666667,20
"UM-DeepOutbreak","41",0.68951166331679,16.3690594434202,0.888550328257332,26.3655764261881,0.333333333333333,1,20
"UM-DeepOutbreak","42",0.854684221756014,97.6347481523487,0.497163667373968,100.410221735636,1,1,20
"UM-DeepOutbreak","44",0.71510809116169,11.3723647370267,0.806808962629892,16.6880544026693,0.333333333333333,1,20
"UM-DeepOutbreak","45",1.27600258023446,32.7687316830228,1.23702023209558,46.7540613810221,0.333333333333333,1,20
"UM-DeepOutbreak","46",1.07779834986664,9.98333167987405,1.0519600782619,14.6057364145915,0.666666666666667,0.666666666666667,20
"UM-DeepOutbreak","47",0.944461985100593,51.6343981971461,1.08382041380162,83.2515455881755,0.333333333333333,1,20
"UM-DeepOutbreak","48",2.13529777340791,128.28040422886,2.61613107786952,232.361175537109,0.333333333333333,1,20
"UM-DeepOutbreak","49",1.34649625655875,11.1841646432257,1.34386858347942,19.4928563435872,0.666666666666667,1,20
"UM-DeepOutbreak","50",1.21171368255308,4.6024092723173,1.31090366112449,7.46757316589355,0.333333333333333,1,20
"UM-DeepOutbreak","51",1.54315203900724,123.257459857225,1.71554844805209,174.42822265625,0.333333333333333,0.333333333333333,20
"UM-DeepOutbreak","53",0.972598776094136,18.8552853693767,1.1330373497286,33.6249033610026,0.666666666666667,1,20
"UM-DeepOutbreak","54",1.15234176235383,19.1807782901147,1.36342411920795,27.1640928313136,0.666666666666667,1,20
"UM-DeepOutbreak","55",0.86091331219813,57.6995623085625,1.03334376790514,97.9457906087239,0.333333333333333,1,20
"UM-DeepOutbreak","56",1.33926257371516,28.3118347857875,1.40498684156161,43.4769070943197,0.333333333333333,0.333333333333333,20
"UM-DeepOutbreak","72",0.999652630865813,96.0753696407553,1.01521933243921,119.310511946678,0,0.333333333333333,20
"UMass-ar6_pooled","01",1.92286328643771,15.0501027319038,2.29008114800747,21.5004362732583,1,1,16
"UMass-ar6_pooled","02",0.936259739085009,3.11525328036156,0.851305725975789,4.54252937318166,0.333333333333333,1,16
"UMass-ar6_pooled","04",0.683755121745086,113.382398845851,0.775554816383519,172.054008979951,0.333333333333333,0.666666666666667,16
"UMass-ar6_pooled","05",1.04037393409923,36.3648415513672,1.14428828749899,55.3091666016252,0.333333333333333,0.666666666666667,16
"UMass-ar6_pooled","06",1.07906821021969,56.4744552928552,1.32348963882061,97.9106149217167,0.333333333333333,1,16
"UMass-ar6_pooled","08",1.09487715080529,24.0841269890699,1.29637896496659,41.0614653421605,0.333333333333333,1,16
"UMass-ar6_pooled","09",0.601207163220819,32.5180449457052,0.775557681316306,53.1229508847481,0.333333333333333,1,16
"UMass-ar6_pooled","10",0.876445395089748,22.6641567209373,1.0762616095367,33.0575559676049,0,0.333333333333333,16
"UMass-ar6_pooled","11",1.01681395404501,2.81997169459003,Inf,3.17639210416779,0.666666666666667,1,16
"UMass-ar6_pooled","12",0.834709114911648,64.6562631188865,0.894162692535888,92.6696119827007,0.666666666666667,1,16
"UMass-ar6_pooled","13",0.936050054188484,32.1847912283478,1.02876476399968,52.6917873340696,0.333333333333333,1,16
"UMass-ar6_pooled","15",0.909968693921719,4.76694372042422,0.94215418744486,7.53749749156738,0,0.666666666666667,16
"UMass-ar6_pooled","16",1.18032811532953,5.0590524064083,1.29864256623017,7.53428261795466,0.666666666666667,1,16
"UMass-ar6_pooled","17",1.0415463404618,166.454754598166,1.17246047101062,244.163879540686,0.333333333333333,0.333333333333333,16
"UMass-ar6_pooled","18",1.15143600838731,67.6080274382961,1.26843674973434,115.850625996176,0.333333333333333,1,16
"UMass-ar6_pooled","19",0.833090024423581,18.5320782657763,0.966115724007528,31.5440729009815,0.666666666666667,1,16
"UMass-ar6_pooled","20",1.23518814249984,31.0541492583133,1.27945910875861,53.7008988640179,0,1,16
"UMass-ar6_pooled","21",0.940936978905483,109.502691603374,1.08636957768685,155.34634807915,0,0.333333333333333,16
"UMass-ar6_pooled","22",0.875535615670846,12.5375080552355,0.861603267096083,18.6500190880317,0.666666666666667,1,16
"UMass-ar6_pooled","23",0.913296729314954,26.0035797592389,0.933147352112325,33.8019600945704,0.333333333333333,0.333333333333333,16
"UMass-ar6_pooled","24",0.908775561866772,89.692326342755,1.01013053070911,115.948198848111,0,0.333333333333333,16
"UMass-ar6_pooled","25",0.972257228676593,97.8430428297577,1.0102253689211,136.953122835472,0.333333333333333,0.666666666666667,16
"UMass-ar6_pooled","26",1.07946301032282,81.2586050431605,1.0851094242904,123.143311019264,0.333333333333333,1,16
"UMass-ar6_pooled","27",0.888482596023651,70.273842290318,0.98550180281471,119.190285473147,0.333333333333333,0.666666666666667,16
"UMass-ar6_pooled","28",0.956765619349618,25.8177393804986,1.02683701409375,37.5992965648664,0.333333333333333,0.666666666666667,16
"UMass-ar6_pooled","29",1.01026952877187,89.0817840401395,1.11183931204038,135.019338905829,0,0.666666666666667,16
"UMass-ar6_pooled","30",0.916126847096589,3.05914137433717,0.775336971454961,2.25167504725914,1,1,16
"UMass-ar6_pooled","31",1.64455959562318,6.57334502110329,2.02068177409472,6.86534106558967,1,1,16
"UMass-ar6_pooled","32",0.838956755837793,8.90766633875699,0.884821961535117,15.3703392037476,0.333333333333333,1,16
"UMass-ar6_pooled","33",0.99717426139975,90.6345501915258,1.01267195243447,106.604870979462,0.333333333333333,0.333333333333333,16
"UMass-ar6_pooled","34",0.867596312551492,95.4645749954441,0.968048109622643,143.947261853052,0.333333333333333,1,16
"UMass-ar6_pooled","35",0.874304650205777,12.3060402849833,0.886005174152572,20.3877447680787,0.666666666666667,1,16
"UMass-ar6_pooled","36",0.752889360337499,100.464095032547,0.899850879752717,160.876262257171,0.333333333333333,0.666666666666667,16
"UMass-ar6_pooled","37",0.921968560428834,59.0112009236172,1.06185402525336,93.1364357823264,0.333333333333333,1,16
"UMass-ar6_pooled","38",1.0101493491568,3.28008715829353,0.745825386361359,4.0856574370453,1,1,16
"UMass-ar6_pooled","39",0.974367188768503,296.855909209371,1.01026375789102,377.319514219284,0.333333333333333,0.333333333333333,16
"UMass-ar6_pooled","40",0.969804726013037,60.189044183077,1.08771806700695,89.5552777465742,0,0.666666666666667,16
"UMass-ar6_pooled","41",0.911254798951611,21.6023539813757,1.13994115513628,33.8203683637063,0.333333333333333,0.666666666666667,16
"UMass-ar6_pooled","42",1.00090912498398,117.477300900873,0.985327586469543,210.589636108609,0.333333333333333,1,16
"UMass-ar6_pooled","44",0.848415071739153,13.5259434778758,1.05817711372052,21.9565142537062,0.333333333333333,1,16
"UMass-ar6_pooled","45",0.947075885240204,24.177001523206,1.04930066223362,39.0130400745479,0.333333333333333,1,16
"UMass-ar6_pooled","46",1.18405867664555,10.928664175068,1.0695464692457,14.8927542275034,0.333333333333333,0.666666666666667,16
"UMass-ar6_pooled","47",0.901106898294277,49.4742505525618,0.939406578650564,72.1165299697148,0.333333333333333,1,16
"UMass-ar6_pooled","48",1.2885140685085,75.8247190604086,1.43708261756824,125.638465586034,0.666666666666667,1,16
"UMass-ar6_pooled","49",1.28600659085513,10.4737056606789,1.2592043797144,18.0378079543033,0.333333333333333,1,16
"UMass-ar6_pooled","50",1.24368036302036,4.71946154326585,1.39909604633454,7.95555242692641,0.666666666666667,1,16
"UMass-ar6_pooled","51",1.0340394825793,82.5063644227252,1.16016549916959,117.950948503292,0,0.333333333333333,16
"UMass-ar6_pooled","53",1.09713684776829,21.0281775854178,1.21680823885316,35.6939719345296,0,0.666666666666667,16
"UMass-ar6_pooled","54",0.828203465989903,14.0751790749411,1.05585005477648,21.5568532185306,0.666666666666667,1,16
"UMass-ar6_pooled","55",0.96413917431179,64.1319067403341,1.065756762197,100.688173925876,0.333333333333333,1,16
"UMass-ar6_pooled","56",0.906197561157128,19.1239657894598,0.987664886240603,30.2958090693046,0.333333333333333,1,16
"UMass-ar6_pooled","72",1.1893864452864,114.193288686108,1.05661721233592,124.539222220426,0.333333333333333,0.333333333333333,16
"UMass-gbqr","01",1.60076975728524,12.8511405062308,1.88634323170416,18.3819649738429,0.666666666666667,1,16
"UMass-gbqr","02",0.775932854517997,2.58326322198983,0.820070291434243,4.38673793306622,0.333333333333333,1,16
"UMass-gbqr","04",0.583319837854019,96.6485501795698,0.670090557539573,148.609864812976,0.333333333333333,1,16
"UMass-gbqr","05",0.950142753458434,33.5852280357229,1.07128723748872,52.0174355006729,0,0.666666666666667,16
"UMass-gbqr","06",1.056232804482,55.0993584355129,1.14995439152584,84.8805511349552,0.333333333333333,1,16
"UMass-gbqr","08",1.04522917127454,22.5794475690899,1.07456639381768,34.4155883579473,0.666666666666667,1,16
"UMass-gbqr","09",0.804789692687778,43.2714324795324,0.993162593650917,68.512749389685,0.333333333333333,0.666666666666667,16
"UMass-gbqr","10",0.854141345543489,21.8823398571676,0.979343639730856,29.9630741706725,0.333333333333333,0.333333333333333,16
"UMass-gbqr","11",1.07495362797637,2.9873110638534,Inf,5.04488540926595,0.666666666666667,1,16
"UMass-gbqr","12",0.844558237324282,65.3908810215371,0.977530743445124,98.2113850801532,0,1,16
"UMass-gbqr","13",1.00332570983649,34.5023328327615,1.03891050076653,53.3775789527223,0.333333333333333,1,16
"UMass-gbqr","15",0.705546808603099,3.69836251512291,0.810405687750112,6.49718021165056,0,0.666666666666667,16
"UMass-gbqr","16",0.956537831902051,4.08625049167393,0.962637604011623,5.74387345466364,0.666666666666667,1,16
"UMass-gbqr","17",1.03755755609326,165.832372819522,1.1350738857381,236.345952795085,0.333333333333333,0.666666666666667,16
"UMass-gbqr","18",1.0899652215501,63.9924896453182,0.995924067974132,90.9597811708253,0.333333333333333,1,16
"UMass-gbqr","19",1.112514432959,24.478253904783,1.24569883197246,40.219170975434,0.333333333333333,1,16
"UMass-gbqr","20",1.10369386689521,27.7463536009077,1.13609159485483,47.658461984594,0.333333333333333,1,16
"UMass-gbqr","21",0.951503823326656,110.71664070699,1.02455568712884,146.505524264655,0,0.333333333333333,16
"UMass-gbqr","22",0.883181289171982,12.5089366428752,0.853734856923234,18.2115034903527,0.333333333333333,1,16
"UMass-gbqr","23",1.179334704939,33.6843361763099,1.25768530800414,46.0384908937241,0.333333333333333,0.333333333333333,16
"UMass-gbqr","24",0.862739792392855,86.1317734395641,0.965460247968965,111.794525031474,0,0.333333333333333,16
"UMass-gbqr","25",1.27304800760052,127.441923136039,1.43160093633591,185.785632691783,0.333333333333333,0.666666666666667,16
"UMass-gbqr","26",1.31494852537409,101.724592510488,1.45139698146043,170.175555231792,0,1,16
"UMass-gbqr","27",1.030088254544,83.3506336501706,1.01768273097744,126.648937593168,0,0.666666666666667,16
"UMass-gbqr","28",0.923483077379988,25.3869726749053,1.17147951470649,43.2918140867434,0,0.666666666666667,16
"UMass-gbqr","29",0.947315548995179,84.1331486856838,1.0623407931882,129.404445146889,0,0.666666666666667,16
"UMass-gbqr","30",1.31951768964152,4.39990569464169,2.79660970898661,8.33255694288987,0.333333333333333,1,16
"UMass-gbqr","31",1.50277457714853,5.98205265777891,2.47159074329769,8.22408055634703,0.666666666666667,1,16
"UMass-gbqr","32",0.74081863917054,7.65077173250941,0.89183800343077,14.7923083097465,0.333333333333333,1,16
"UMass-gbqr","33",0.879150894317124,78.7503594829638,0.883294699743509,91.2913459956147,0.333333333333333,0.333333333333333,16
"UMass-gbqr","34",0.92815083612846,102.148690383931,0.942050807910837,140.170927445741,0.333333333333333,0.666666666666667,16
"UMass-gbqr","35",0.793892171697918,11.1687200958336,0.836125961146004,19.237916717551,0.333333333333333,1,16
"UMass-gbqr","36",0.920800680455178,120.758561275896,1.16922240002515,206.224586538206,0,1,16
"UMass-gbqr","37",0.969320660673381,62.9210452291541,1.01669740343474,90.1253096055156,0.333333333333333,1,16
"UMass-gbqr","38",1.16415039040488,3.76519185843967,1.26986707605884,6.81566932212322,0.666666666666667,1,16
"UMass-gbqr","39",0.912709151802972,279.052434727845,0.970048889418065,362.970489703071,0.333333333333333,0.333333333333333,16
"UMass-gbqr","40",0.96284791232889,59.7438973654,1.03958990403795,85.6057765736606,0,0.666666666666667,16
"UMass-gbqr","41",0.910915836613316,21.6212391509405,1.1014486585207,32.6826971238657,0,0.666666666666667,16
"UMass-gbqr","42",1.87042541115544,227.123902399948,1.9214151543297,410.764250419515,0.333333333333333,1,16
"UMass-gbqr","44",1.05500962184054,16.7503641401723,1.13635164242652,23.5193895779766,0.333333333333333,0.666666666666667,16
"UMass-gbqr","45",1.09341637565851,27.9046914244053,1.16898134343718,43.4894279054453,0.333333333333333,1,16
"UMass-gbqr","46",1.05646105249589,9.69414846481503,0.966320201225253,13.3675980566441,0.333333333333333,0.666666666666667,16
"UMass-gbqr","47",0.946307766295153,52.0425299268998,1.0108619491492,77.6712605973203,0.333333333333333,0.666666666666667,16
"UMass-gbqr","48",1.21454382571333,73.5729516893313,1.3783295161429,122.861179416088,0.333333333333333,1,16
"UMass-gbqr","49",1.22297001905843,9.93273705774135,1.25539387040637,17.9616915657479,0.333333333333333,1,16
"UMass-gbqr","50",1.3430288525116,5.02776200838487,1.8375872217604,10.3218506658867,0.333333333333333,1,16
"UMass-gbqr","51",0.944706454325996,75.4037039508861,1.08993611899226,110.812507857387,0.333333333333333,0.333333333333333,16
"UMass-gbqr","53",1.09767463849918,21.0793916339779,1.21175774941601,35.5888708608826,0.333333333333333,1,16
"UMass-gbqr","54",0.989561001034196,16.6526363225839,1.32341950717232,26.7671274883756,0.666666666666667,1,16
"UMass-gbqr","55",1.09023720846371,72.5284013425334,1.17557879246824,111.121160001689,0.333333333333333,0.666666666666667,16
"UMass-gbqr","56",0.451903448752563,9.5522102515953,0.507426106434502,15.6650995237312,0.333333333333333,1,16
"UMass-gbqr","72",0.886324269824862,85.4296415628251,0.969677868633657,114.980393546468,0,0.333333333333333,16
