"model_id","target_end_date","wis","ae_median","interval_coverage_50","interval_coverage_95","n"
"CFA_Pyrenew-Pyrenew_E_COVID",2025-06-21,0.000369674835210295,0.000499483299786927,0,0,1
"CFA_Pyrenew-Pyrenew_E_COVID",2025-06-28,0.000323645002965231,0.000555350191054389,0,1,2
"CFA_Pyrenew-Pyrenew_E_COVID",2025-07-05,0.000345464432617941,0.000342880581980765,0.5,0.5,2
"CFA_Pyrenew-Pyrenew_E_COVID",2025-07-12,0.000564675522418256,0.000830617197250975,0.5,0.5,2
"CFA_Pyrenew-Pyrenew_E_COVID",2025-07-19,0.000291312917927974,0.000485438995874596,0.5,1,2
"CFA_Pyrenew-Pyrenew_E_COVID",2025-07-26,0.000507087457754345,0.000896170054063374,0,1,2
"CFA_Pyrenew-Pyrenew_E_COVID",2025-08-02,0.000459007882112836,0.000866155457736479,0,1,2
"CFA_Pyrenew-Pyrenew_E_COVID",2025-08-09,0.000221196089419095,0.000222302879941925,1,1,2
"CFA_Pyrenew-Pyrenew_E_COVID",2025-08-16,0.000479491139537021,0.0006959980478017,0.5,1,2
"CFA_Pyrenew-Pyrenew_E_COVID",2025-08-23,0.00050870822670683,0.000900388460148125,0.5,1,2
"CFA_Pyrenew-Pyrenew_E_COVID",2025-08-30,0.000501738919427356,0.000874930120067108,0.5,1,2
"CFA_Pyrenew-Pyrenew_E_COVID",2025-09-06,0.00135725579483545,0.00205625076643699,0,0.5,2
"CFA_Pyrenew-Pyrenew_E_COVID",2025-09-13,0.000379449909061057,0.000626549442622364,0.5,1,2
"CFA_Pyrenew-Pyrenew_E_COVID",2025-09-20,0.000190357375855925,2.53674059402928e-05,1,1,2
"CFA_Pyrenew-Pyrenew_E_COVID",2025-09-27,0.000607398893129111,0.00098073424593218,0,0.5,2
"CFA_Pyrenew-Pyrenew_E_COVID",2025-11-22,5.7671884972831e-05,0.000101952005522318,1,1,1
"CFA_Pyrenew-Pyrenew_E_COVID",2025-11-29,0.000207707613575611,0.000318955347055894,0.5,1,2
"CFA_Pyrenew-Pyrenew_E_COVID",2025-10-04,0.000393193586961876,0.000739771151363928,0,1,1
"CFA_Pyrenew-Pyrenew_E_COVID",2025-12-06,0.000250669143932185,0.000450320111918755,0.5,1,2
"CFA_Pyrenew-Pyrenew_E_COVID",2025-12-13,0.000131643895150453,0.000106376100626651,1,1,2
"CFA_Pyrenew-Pyrenew_E_COVID",2025-12-20,0.000486720035331754,0.000791325866419683,0.5,0.5,2
"CFA_Pyrenew-Pyrenew_E_COVID",2025-12-27,0.00080724241057698,0.00124658139999873,0,1,2
"CFA_Pyrenew-Pyrenew_E_COVID",2026-01-03,0.00232389032813538,0.002867380867694,0,0,2
"CFA_Pyrenew-Pyrenew_E_COVID",2026-01-10,0.002929764089281,0.00375718791122481,0.5,0.5,2
"CFA_Pyrenew-Pyrenew_E_COVID",2026-01-17,0.00042526291794498,0.000715272737826563,0.5,1,2
"CFA_Pyrenew-Pyrenew_E_COVID",2026-01-24,0.000682074094679829,0.00119451658397867,0,1,2
"CFA_Pyrenew-Pyrenew_E_COVID",2026-01-31,0.000238124535626606,0.000193012212741621,1,1,2
"CFA_Pyrenew-Pyrenew_E_COVID",2026-02-07,0.000304922280316574,0.000392788345245205,1,1,2
"CFA_Pyrenew-Pyrenew_E_COVID",2026-02-14,0.000180747149007209,4.68094556805554e-05,1,1,2
"CFA_Pyrenew-Pyrenew_E_COVID",2026-02-21,0.000186893108566348,9.84509799925653e-05,1,1,2
"CFA_Pyrenew-Pyrenew_E_COVID",2026-02-28,0.00032134188972907,0.000523016515671116,0.5,1,2
"CFA_Pyrenew-Pyrenew_E_COVID",2026-03-07,0.000189641096088391,0.000232273615585642,0.5,1,2
"CFA_Pyrenew-Pyrenew_E_COVID",2026-03-14,0.000155753152570371,0.000202985630907392,0.5,1,2
"CFA_Pyrenew-Pyrenew_E_COVID",2026-03-21,0.00030096735428836,0.000505306615208562,0,0.5,2
"CFA_Pyrenew-Pyrenew_E_COVID",2026-03-28,0.000381479246715101,0.000639451284202362,0,1,2
"CFA_Pyrenew-Pyrenew_E_COVID",2026-04-04,0.000269899254815759,0.000475063418474819,0,1,2
"CFA_Pyrenew-Pyrenew_E_COVID",2026-04-11,8.23057528906654e-05,5.49212492997925e-05,1,1,2
"CFA_Pyrenew-Pyrenew_E_COVID",2026-04-18,9.67723217396253e-05,0.000129196733971847,0.5,1,2
"CFA_Pyrenew-Pyrenew_E_COVID",2026-04-25,0.000142516221834437,0.000248531181531049,0.5,1,2
"CFA_Pyrenew-Pyrenew_HE_COVID",2025-06-28,7.30728675901935e-05,0.000138243528852788,0,1,1
"CFA_Pyrenew-Pyrenew_HE_COVID",2025-07-05,0.000358019280441367,0.000381275244632752,0.5,0.5,2
"CFA_Pyrenew-Pyrenew_HE_COVID",2025-07-12,0.000590435384468663,0.000881501135119936,0,0.5,2
"CFA_Pyrenew-Pyrenew_HE_COVID",2025-07-19,0.000438804859596018,0.000807934851261533,0,1,2
"CFA_Pyrenew-Pyrenew_HE_COVID",2025-07-26,0.000479410624259326,0.000888698477798838,0,1,2
"CFA_Pyrenew-Pyrenew_HE_COVID",2025-08-02,0.000376236647601055,0.000695731616271052,0.5,1,2
"CFA_Pyrenew-Pyrenew_HE_COVID",2025-08-09,0.000220010037304179,8.79671868064657e-05,1,1,2
"CFA_Pyrenew-Pyrenew_HE_COVID",2025-08-16,0.000424167489818945,0.00041355597697961,0.5,1,2
"CFA_Pyrenew-Pyrenew_HE_COVID",2025-08-23,0.000409147473443223,0.000611812183302441,1,1,2
"CFA_Pyrenew-Pyrenew_HE_COVID",2025-08-30,0.000675177653197662,0.00120900052088458,0.5,1,2
"CFA_Pyrenew-Pyrenew_HE_COVID",2025-09-06,0.00128741240778683,0.00197078189657317,0,0.5,2
"CFA_Pyrenew-Pyrenew_HE_COVID",2025-09-27,0.00058504192490364,0.000959876008717232,0,0.5,2
"CFA_Pyrenew-Pyrenew_HE_COVID",2025-10-04,0.000353530438884865,0.000675618298423044,0,1,1
"CFA_Pyrenew-Pyrenew_HE_COVID",2025-09-20,0.00017986202101426,9.0475899017433e-05,1,1,2
"CFA_Pyrenew-Pyrenew_HE_COVID",2025-09-13,0.000424604571624018,0.000648476605619371,0.5,1,2
"CFA_Pyrenew-Pyrenew_HE_COVID",2025-11-22,5.37700385153334e-05,8.44222373332457e-05,1,1,1
"CFA_Pyrenew-Pyrenew_HE_COVID",2025-11-29,0.000209518919922272,0.000275699708193442,0.5,1,2
"CFA_Pyrenew-Pyrenew_HE_COVID",2025-12-06,0.00024881132737447,0.000445665656351322,0.5,1,2
"CFA_Pyrenew-Pyrenew_HE_COVID",2025-12-13,0.000167800247487131,0.000213799359211326,0.5,1,2
"CFA_Pyrenew-Pyrenew_HE_COVID",2025-12-20,0.000791190418480206,0.00120243369658288,0,0.5,2
"CFA_Pyrenew-Pyrenew_HE_COVID",2025-12-27,0.00100101253465353,0.0013996229301223,0,0.5,2
"CFA_Pyrenew-Pyrenew_HE_COVID",2026-01-03,0.00252341132175023,0.00321217081514845,0,0,2
"CFA_Pyrenew-Pyrenew_HE_COVID",2026-01-10,0.00205041530204038,0.00297873843963685,0.5,0.5,2
"CFA_Pyrenew-Pyrenew_HE_COVID",2026-01-17,0.000493945056985059,0.000705411507199255,0.5,1,2
"CFA_Pyrenew-Pyrenew_HE_COVID",2026-01-24,0.000748526776610586,0.00130395295927961,0,1,2
"CFA_Pyrenew-Pyrenew_HE_COVID",2026-01-31,0.000274685905776658,3.06739696311845e-05,1,1,2
"CFA_Pyrenew-Pyrenew_HE_COVID",2026-02-07,0.000259641188908824,0.000230772437169537,1,1,2
"CFA_Pyrenew-Pyrenew_HE_COVID",2026-02-14,0.000192577551838479,5.21216011941002e-05,1,1,2
"CFA_Pyrenew-Pyrenew_HE_COVID",2026-02-21,0.000241946233896563,0.000179769709455724,1,1,2
"CFA_Pyrenew-Pyrenew_HE_COVID",2026-02-28,0.000408857793995491,0.000691343944892367,0.5,1,2
"CFA_Pyrenew-Pyrenew_HE_COVID",2026-03-07,0.000256290535999413,0.000462097621241784,0.5,1,2
"CFA_Pyrenew-Pyrenew_HE_COVID",2026-03-14,0.000174156249957584,0.000184987761646371,1,1,2
"CFA_Pyrenew-Pyrenew_HE_COVID",2026-03-21,0.000310542671401804,0.000505951117646426,0.5,1,2
"CFA_Pyrenew-Pyrenew_HE_COVID",2026-03-28,0.00029243065677623,0.000516722945954875,0,1,2
"CFA_Pyrenew-Pyrenew_HE_COVID",2026-04-04,0.000170289028251576,0.000308605486143326,0.5,1,2
"CFA_Pyrenew-Pyrenew_HE_COVID",2026-04-11,8.44695204285299e-05,8.56625853572282e-05,1,1,2
"CFA_Pyrenew-Pyrenew_HE_COVID",2026-04-18,9.37692968487521e-05,9.85902193587442e-05,0.5,1,2
"CFA_Pyrenew-Pyrenew_HE_COVID",2026-04-25,0.000145191562856319,0.000250278125807224,0.5,1,2
"CMU-TimeSeries",2025-06-28,0.000311618165459999,0.000607640964049202,0,1,1
"CMU-TimeSeries",2025-07-05,0.00040422218572149,0.000801410609686088,0,1,2
"CMU-TimeSeries",2025-07-12,0.000654983225473608,0.00129816321084827,0,1,3
"CMU-TimeSeries",2025-07-19,0.000906446031823559,0.00179112266049421,0,1,4
"CMU-TimeSeries",2025-07-26,0.00128972424903686,0.00242658964504242,0,1,4
"CMU-TimeSeries",2025-08-02,0.00186912289910089,0.00330452105598775,0,1,4
"CMU-TimeSeries",2025-08-09,0.00290703053712036,0.00360552373703458,0.25,1,4
"CMU-TimeSeries",2025-08-16,0.00329425810433774,0.00407026758799121,0.25,1,4
"CMU-TimeSeries",2025-08-23,0.00323548862039779,0.00438853902565054,0.25,1,4
"CMU-TimeSeries",2025-08-30,0.00634384836995932,0.00688092647884994,0.5,0.75,4
"CMU-TimeSeries",2025-09-06,0.00464181427097468,0.00463882443523664,0.75,0.75,4
"CMU-TimeSeries",2025-09-13,0.00729627411796401,0.00798822789536232,0.25,0.5,4
"CMU-TimeSeries",2025-09-20,0.00613428484495634,0.00678065683761475,0.25,0.5,4
"CMU-TimeSeries",2025-09-27,0.00394593068429414,0.00498661478624679,0.25,0.5,4
"CMU-TimeSeries",2025-10-04,0.00324623586903084,0.00400527851235693,0,0.666666666666667,3
"CMU-TimeSeries",2025-10-11,0.00267519881093867,0.00393964336999448,0,0.5,2
"CMU-TimeSeries",2025-10-18,0.00217875918098558,0.00296278831860451,0,0,1
"CMU-TimeSeries",2025-12-06,0.000385396632637544,0.00071796316424918,0,1,1
"CMU-TimeSeries",2025-12-13,0.000485323728384271,0.000917019804218814,0,1,2
"CMU-TimeSeries",2025-12-20,0.00114593454364352,0.00200590718530124,0,1,3
"CMU-TimeSeries",2025-12-27,0.00265562460582082,0.0042493403257341,0,0.666666666666667,3
"CMU-TimeSeries",2026-01-03,0.00198571715985034,0.00327610043866022,0.333333333333333,1,3
"CMU-TimeSeries",2026-01-10,0.00101934482475647,0.00194026031567255,0.333333333333333,1,3
"CMU-TimeSeries",2026-01-17,0.00101124630717111,0.00178490459977838,0.333333333333333,1,3
"CMU-TimeSeries",2026-01-24,0.000981483453843125,0.00163882045924878,0.25,1,4
"CMU-TimeSeries",2026-01-31,0.000642230186746785,0.000844955052459115,0.75,1,4
"CMU-TimeSeries",2026-02-07,0.000380141625443906,0.000189178389725097,1,1,4
"CMU-TimeSeries",2026-02-14,0.000414611712143767,0.000352496520972427,1,1,4
"CMU-TimeSeries",2026-02-21,0.000432879637049403,0.0003523917809556,1,1,4
"CMU-TimeSeries",2026-02-28,0.000411599729034241,0.000375070555416384,1,1,4
"CMU-TimeSeries",2026-03-07,0.000450744534878242,0.000590658192235038,0.75,1,4
"CMU-TimeSeries",2026-03-14,0.00056567354254222,0.000932546182346891,0.5,1,4
"CMU-TimeSeries",2026-03-21,0.000619806197917172,0.00103121339796475,0.25,1,4
"CMU-TimeSeries",2026-03-28,0.000417202932686749,0.000670379437436676,0.5,1,4
"CMU-TimeSeries",2026-04-04,0.000343814822841498,0.000480414439015717,0.75,1,4
"CMU-TimeSeries",2026-04-11,0.000331728543619744,0.000538842837763979,0.25,1,4
"CMU-TimeSeries",2026-04-18,0.000365047091572474,0.000603204302325262,0.25,1,4
"CMU-TimeSeries",2026-04-25,0.000445859736046799,0.000713417438377605,0.25,1,4
"CovidHub-baseline",2025-06-21,0.000379321304347826,4e-04,1,1,1
"CovidHub-baseline",2025-06-28,0.000527584778711917,7e-04,1,1,2
"CovidHub-baseline",2025-07-05,0.00064262083511125,0.000933333333333333,1,1,3
"CovidHub-baseline",2025-07-12,0.000845865458830675,0.00145,0.75,1,4
"CovidHub-baseline",2025-07-19,0.000997322036021991,0.001825,0.5,1,4
"CovidHub-baseline",2025-07-26,0.00133774785123612,0.0025,0,1,4
"CovidHub-baseline",2025-08-02,0.00192243567331706,0.00345,0,1,4
"CovidHub-baseline",2025-08-09,0.00230012227416133,0.003975,0,1,4
"CovidHub-baseline",2025-08-16,0.00291761145486074,0.0048,0,1,4
"CovidHub-baseline",2025-08-23,0.00369053223723596,0.00575,0,0.75,4
"CovidHub-baseline",2025-08-30,0.00383791264717937,0.0061,0,0.666666666666667,3
"CovidHub-baseline",2025-09-06,0.00175870502501837,0.00303333333333333,0.333333333333333,1,3
"CovidHub-baseline",2025-09-13,0.00130529380574567,0.00185,0.5,1,2
"CovidHub-baseline",2025-09-20,0.00234857902029781,0.0039,0,1,2
"CovidHub-baseline",2025-09-27,0.00313012157043889,0.00496666666666667,0,0.666666666666667,3
"CovidHub-baseline",2025-10-04,0.00327674268168877,0.0053,0,1,2
"CovidHub-baseline",2025-10-11,0.00403931688548516,0.0065,0,1,2
"CovidHub-baseline",2025-11-22,0.000372369565217391,4e-04,1,1,1
"CovidHub-baseline",2025-11-29,0.000517667942818559,7e-04,1,1,2
"CovidHub-baseline",2025-12-06,0.000672578311035284,0.00106666666666667,1,1,3
"CovidHub-baseline",2025-12-13,0.000831969865049738,0.00145,1,1,4
"CovidHub-baseline",2025-10-18,0.00362351018238878,0.0061,0,1,1
"CovidHub-baseline",2025-12-20,0.00131544155523131,0.002475,0,1,4
"CovidHub-baseline",2025-12-27,0.00243542806139311,0.004175,0,1,4
"CovidHub-baseline",2026-01-03,0.00219941182513782,0.0038,0,1,4
"CovidHub-baseline",2026-01-10,0.00103228703145021,0.001675,0.25,1,4
"CovidHub-baseline",2026-01-17,0.000811319162447603,0.001225,0.75,1,4
"CovidHub-baseline",2026-01-24,0.000788311853152771,0.001175,0.75,1,4
"CovidHub-baseline",2026-01-31,0.000781789858767066,0.001025,0.75,1,4
"CovidHub-baseline",2026-02-07,0.000663310653776103,0.000700000000000001,1,1,4
"CovidHub-baseline",2026-02-14,0.000593353789280828,0.00035,1,1,4
"CovidHub-baseline",2026-02-21,0.000584322968342183,0.000275,1,1,4
"CovidHub-baseline",2026-02-28,0.000640575820542988,7e-04,1,1,4
"CovidHub-baseline",2026-03-07,0.000681684873983522,9e-04,1,1,4
"CovidHub-baseline",2026-03-14,0.000785705885525703,0.001275,1,1,4
"CovidHub-baseline",2026-03-21,0.000860726227443796,0.001475,0.75,1,4
"CovidHub-baseline",2026-03-28,0.000740132714638559,0.0011,1,1,4
"CovidHub-baseline",2026-04-04,0.000666764677394057,0.000875,1,1,4
"CovidHub-baseline",2026-04-11,0.000650381273540996,0.000875,1,1,4
"CovidHub-baseline",2026-04-18,0.000630076035537529,0.00085,1,1,4
"CovidHub-baseline",2026-04-25,0.000637273472798858,9e-04,1,1,4
"CovidHub-ensemble",2026-01-17,0.000294838060082658,0.000100334525695784,1,1,1
"CovidHub-ensemble",2026-01-24,0.000380950524980327,0.000600835392567375,0.5,1,2
"CovidHub-ensemble",2026-01-31,0.000340224610473167,0.000320686661774457,1,1,3
"CovidHub-ensemble",2026-02-07,0.000356886456303623,0.000144010854061909,1,1,4
"CovidHub-ensemble",2026-02-14,0.000369126524572621,0.000235574733420144,1,1,4
"CovidHub-ensemble",2026-02-21,0.000391027176140027,0.000371001565345754,1,1,4
"CovidHub-ensemble",2026-02-28,0.000358290948792921,0.000226252268262541,1,1,4
"CovidHub-ensemble",2026-03-07,0.000321828698379012,0.000227159508420626,1,1,4
"CovidHub-ensemble",2026-03-14,0.000370785781519893,0.000484794787838756,1,1,4
"CovidHub-ensemble",2026-03-21,0.000423756808959506,0.000669641030775094,0.75,1,4
"CovidHub-ensemble",2026-03-28,0.000291367947283158,0.000393129338088967,1,1,4
"CovidHub-ensemble",2026-04-04,0.000246887171595275,0.000311410139008204,0.75,1,4
"CovidHub-ensemble",2026-04-11,0.00022508610759979,0.000300908591120704,0.75,1,4
"CovidHub-ensemble",2026-04-18,0.000246173882340517,0.000401475531757364,0.5,1,4
"CovidHub-ensemble",2026-04-25,0.000320822702868839,0.000551943345036873,0.25,1,4
"UGA_flucast-INFLAenza",2025-06-28,0.000176834392059225,0.00018044243706712,1,1,1
"UGA_flucast-INFLAenza",2025-07-05,0.000235840431930185,2.70659506204033e-06,1,1,1
"UGA_flucast-INFLAenza",2025-07-12,0.000267400800100821,0.00013580542222932,1,1,2
"UGA_flucast-INFLAenza",2025-07-19,0.000431197699003887,0.00044757723193018,0.666666666666667,1,3
"UGA_flucast-INFLAenza",2025-07-26,0.000481009037751383,0.00065555722175648,0.666666666666667,1,3
"UGA_flucast-INFLAenza",2025-08-02,0.000656042862515529,0.0010200180324257,0.75,1,4
"UGA_flucast-INFLAenza",2025-08-09,0.000750363603822461,0.00126420584489179,0.75,1,4
"UGA_flucast-INFLAenza",2025-08-16,0.000886133002135958,0.00158060366114683,1,1,4
"UGA_flucast-INFLAenza",2025-08-23,0.00137052762718309,0.00264290355111118,0,1,4
"UGA_flucast-INFLAenza",2025-08-30,0.00166555671387864,0.00319162667569415,0,1,3
"UGA_flucast-INFLAenza",2025-09-06,0.00103948550622555,0.00156680847619903,1,1,3
"UGA_flucast-INFLAenza",2025-09-13,0.000937143155420498,0.00113226346759804,1,1,2
"UGA_flucast-INFLAenza",2025-09-20,0.00174496835432849,0.0032483613059602,0,1,1
"UGA_flucast-INFLAenza",2025-09-27,0.00160681526208312,0.00276261229980537,0,1,2
"UGA_flucast-INFLAenza",2025-10-04,0.00131138305836838,0.00229474986276701,0,1,1
"UGA_flucast-INFLAenza",2025-10-11,0.00178809658332994,0.0028935130313492,0,1,1
"UGA_flucast-INFLAenza",2025-10-18,0.00225384428180979,0.00350038524649676,0,0,1
"UGA_flucast-INFLAenza",2025-11-22,0.000219014417914292,3.72219316157802e-05,1,1,1
"UGA_flucast-INFLAenza",2025-11-29,0.000236926489485308,0.000115054834641945,1,1,2
"UGA_flucast-INFLAenza",2025-12-06,0.000268279928986496,0.00015568631375532,1,1,3
"UGA_flucast-INFLAenza",2025-12-13,0.000311224151830577,0.000178739537467425,1,1,4
"UGA_flucast-INFLAenza",2025-12-20,0.000454904824391629,0.000705502149317076,0.75,1,4
"UGA_flucast-INFLAenza",2025-12-27,0.00125300082427358,0.00228964032837833,0,1,4
"UGA_flucast-INFLAenza",2026-01-03,0.00145486730364475,0.00259328425032738,0,1,4
"UGA_flucast-INFLAenza",2026-01-10,0.000806034150537245,0.00134500993315403,0.5,1,4
"UGA_flucast-INFLAenza",2026-01-17,0.000462192198688344,0.000459833798533561,0.75,1,4
"UGA_flucast-INFLAenza",2026-01-24,0.000416815762281066,0.000456293330504306,1,1,4
"UGA_flucast-INFLAenza",2026-01-31,0.000384253410364027,0.000386804046752057,1,1,4
"UGA_flucast-INFLAenza",2026-02-07,0.000350744575535813,0.000180448969572676,1,1,4
"UGA_flucast-INFLAenza",2026-02-14,0.000353328180828601,0.000232175527368358,1,1,4
"UGA_flucast-INFLAenza",2026-02-21,0.000381791846410857,0.000469524903699832,1,1,4
"UGA_flucast-INFLAenza",2026-02-28,0.000307399909730106,9.76884059216642e-05,1,1,4
"UGA_flucast-INFLAenza",2026-03-07,0.000282633679296713,0.000132479797461551,1,1,4
"UGA_flucast-INFLAenza",2026-03-14,0.000258415915106935,0.000108211957639674,1,1,4
"UGA_flucast-INFLAenza",2026-03-21,0.000260116287274936,0.00030618076863647,1,1,4
"UGA_flucast-INFLAenza",2026-03-28,0.000219723140946325,0.000193244153656812,1,1,4
"UGA_flucast-INFLAenza",2026-04-04,0.000196658429984993,0.000160337111601931,1,1,4
"UGA_flucast-INFLAenza",2026-04-11,0.000179772938071581,0.000165777028852229,1,1,4
"UGA_flucast-INFLAenza",2026-04-18,0.00018193455596416,0.000243696872699725,1,1,4
"UGA_flucast-INFLAenza",2026-04-25,0.000211715916485186,0.000357619199072347,0.5,1,4
